# Exported from Figuro at https://www.figuro.io

mtllib miiBody_F.mtl
g top
v 15.174143108902754 441.7342413901624 0
v 29.974648454369458 439.53633193216336 0
v 28.50758473618444 439.53633193216336 9.262675772814532
v 14.431467682916619 441.7342413901624 4.68906809572843
v 24.249999999999986 439.53633193216336 17.618656304130496
v 12.2761396501798 441.7342413901624 8.919137535588845
v 17.618656304130482 439.53633193216336 24.250000000000057
v 8.919137535588774 441.7342413901624 12.2761396501798
v 9.262675772814575 439.53633193216336 28.507584736184413
v 4.68906809572843 441.7342413901624 14.43146768291669
v -1.4210854715202004e-14 439.53633193216336 29.974648454369458
v -1.4210854715202004e-14 441.7342413901624 15.17414310890274
v -9.262675772814603 439.53633193216336 28.507584736184413
v -4.689068095728473 441.7342413901624 14.43146768291669
v -17.618656304130525 439.53633193216336 24.250000000000057
v -8.919137535588803 441.7342413901624 12.2761396501798
v -24.250000000000014 439.53633193216336 17.618656304130496
v -12.276139650179829 441.7342413901624 8.919137535588845
v -28.50758473618447 439.53633193216336 9.262675772814532
v -14.431467682916647 441.7342413901624 4.68906809572843
v -29.974648454369515 439.53633193216336 0
v -15.174143108902783 441.7342413901624 0
v -28.50758473618447 439.53633193216336 -9.262675772814589
v -14.431467682916647 441.7342413901624 -4.689068095728459
v -24.250000000000014 439.53633193216336 -17.618656304130525
v -12.276139650179829 441.7342413901624 -8.919137535588789
v -17.618656304130525 439.53633193216336 -24.25
v -8.919137535588803 441.7342413901624 -12.2761396501798
v -9.262675772814603 439.53633193216336 -28.50758473618447
v -4.689068095728473 441.7342413901624 -14.431467682916633
v -1.4210854715202004e-14 439.53633193216336 -29.974648454369486
v -1.4210854715202004e-14 441.7342413901624 -15.174143108902769
v 9.262675772814575 439.53633193216336 -28.50758473618447
v 4.68906809572843 441.7342413901624 -14.431467682916633
v 17.618656304130482 439.53633193216336 -24.25
v 8.919137535588774 441.7342413901624 -12.2761396501798
v 24.249999999999986 439.53633193216336 -17.618656304130525
v 12.2761396501798 441.7342413901624 -8.919137535588789
v 28.50758473618444 439.53633193216336 -9.262675772814589
v 14.431467682916619 441.7342413901624 -4.689068095728459
v 44.03707847473603 435.93333240575623 0
v 41.88175044199921 435.93333240575623 13.608205631317247
v 35.62674486868522 435.93333240575623 25.884345281495712
v 25.884345281495683 435.93333240575623 35.62674486868525
v 13.608205631317233 435.93333240575623 41.8817504419992
v -1.4210854715202004e-14 435.93333240575623 44.03707847473609
v -13.608205631317261 435.93333240575623 41.8817504419992
v -25.884345281495712 435.93333240575623 35.62674486868525
v -35.62674486868525 435.93333240575623 25.884345281495712
v -41.88175044199926 435.93333240575623 13.608205631317247
v -44.03707847473606 435.93333240575623 0
v -41.88175044199926 435.93333240575623 -13.608205631317247
v -35.62674486868525 435.93333240575623 -25.884345281495712
v -25.884345281495712 435.93333240575623 -35.62674486868525
v -13.608205631317261 435.93333240575623 -41.88175044199923
v -1.4210854715202004e-14 435.93333240575623 -44.03707847473606
v 13.608205631317233 435.93333240575623 -41.88175044199923
v 25.884345281495683 435.93333240575623 -35.62674486868525
v 35.62674486868522 435.93333240575623 -25.884345281495712
v 41.88175044199921 435.93333240575623 -13.608205631317247
v 57.015169472370275 431.013960616951 0
v 54.22464845436947 431.013960616951 17.618656304130496
v 46.126241040314945 431.013960616951 33.51267577281459
v 33.512675772814575 431.013960616951 46.126241040314994
v 17.618656304130482 431.013960616951 54.22464845436954
v -1.4210854715202004e-14 431.013960616951 57.015169472370275
v -17.618656304130525 431.013960616951 54.22464845436954
v -33.51267577281459 431.013960616951 46.126241040314994
v -46.126241040314994 431.013960616951 33.51267577281459
v -54.224648454369515 431.013960616951 17.618656304130496
v -57.0151694723703 431.013960616951 0
v -54.224648454369515 431.013960616951 -17.618656304130525
v -46.126241040314994 431.013960616951 -33.51267577281459
v -33.51267577281459 431.013960616951 -46.126241040314966
v -17.618656304130525 431.013960616951 -54.224648454369486
v -1.4210854715202004e-14 431.013960616951 -57.0151694723703
v 17.618656304130482 431.013960616951 -54.224648454369486
v 33.512675772814575 431.013960616951 -46.126241040314966
v 46.126241040314945 431.013960616951 -33.51267577281459
v 54.22464845436947 431.013960616951 -17.618656304130525
v 68.58935777509565 424.899347825647 0
v 65.23235566050327 424.899347825647 21.19527718576728
v 55.489956073315085 424.899347825647 40.31581296441226
v 40.315812964412316 424.899347825647 55.48995607331511
v 21.195277185767225 424.899347825647 65.23235566050329
v -1.4210854715202004e-14 424.899347825647 68.58935777509572
v -21.195277185767267 424.899347825647 65.23235566050329
v -40.31581296441237 424.899347825647 55.48995607331511
v -55.48995607331511 424.899347825647 40.31581296441226
v -65.23235566050329 424.899347825647 21.19527718576728
v -68.58935777509566 424.899347825647 0
v -65.23235566050329 424.899347825647 -21.195277185767253
v -55.48995607331511 424.899347825647 -40.315812964412316
v -40.31581296441237 424.899347825647 -55.48995607331511
v -21.195277185767267 424.899347825647 -65.23235566050329
v -1.4210854715202004e-14 424.899347825647 -68.58935777509566
v 21.195277185767225 424.899347825647 -65.23235566050329
v 40.315812964412316 424.899347825647 -55.48995607331511
v 55.489956073315085 424.899347825647 -40.31581296441368
v 65.23235566050327 424.899347825647 -21.195277185767253
v 78.47464845436947 417.74005609200253 0
v 74.6338257764994 417.74005609200253 24.250000000000057
v 63.487324227185425 417.74005609200253 46.126241040314994
v 46.126241040314945 417.74005609200253 63.48732422718547
v 24.249999999999986 417.74005609200253 74.6338257764994
v -1.4210854715202004e-14 417.74005609200253 78.47464845436949
v -24.250000000000014 417.74005609200253 74.6338257764994
v -46.126241040314994 417.74005609200253 63.48732422718547
v -63.48732422718547 417.74005609200253 46.126241040314994
v -74.63382577649946 417.74005609200253 24.250000000000057
v -78.47464845436951 417.74005609200253 0
v -74.63382577649946 417.74005609200253 -24.25
v -63.48732422718547 417.74005609200253 -46.126241040314966
v -46.126241040314994 417.74005609200253 -63.48732422718544
v -24.250000000000014 417.74005609200253 -74.6338257764994
v -1.4210854715202004e-14 417.74005609200253 -78.47464845436949
v 24.249999999999986 417.74005609200253 -74.6338257764994
v 46.126241040314945 417.74005609200253 -63.48732422718544
v 63.487324227185425 417.74005609200253 -46.126241040314966
v 74.6338257764994 417.74005609200253 -24.25
v 86.42763284627193 409.71237093882695 0
v 82.19756340641153 409.71237093882695 26.70760733309649
v 69.92142375623172 409.71237093882695 50.80088797758668
v 50.800887977586626 409.71237093882695 69.92142375623166
v 26.707607333096433 409.71237093882695 82.1975634064116
v -1.4210854715202004e-14 409.71237093882695 86.42763284627193
v -26.707607333096448 409.71237093882695 82.1975634064116
v -50.80088797758668 409.71237093882695 69.92142375623166
v -69.92142375623177 409.71237093882695 50.80088797758668
v -82.19756340641158 409.71237093882695 26.70760733309649
v -86.42763284627199 409.71237093882695 0
v -82.19756340641158 409.71237093882695 -26.707607333096462
v -69.92142375623177 409.71237093882695 -50.800887977586655
v -50.80088797758668 409.71237093882695 -69.92142375623175
v -26.707607333096448 409.71237093882695 -82.19756340641155
v -1.4210854715202004e-14 409.71237093882695 -86.42763284627196
v 26.707607333096433 409.71237093882695 -82.19756340641155
v 50.800887977586626 409.71237093882695 -69.92142375623175
v 69.92142375623172 409.71237093882695 -50.800887977586655
v 82.19756340641153 409.71237093882695 -26.707607333096462
v 92.2524820806299 401.013960616951 0
v 87.73732422718541 401.013960616951 28.507584736184413
v 74.6338257764994 401.013960616951 54.22464845436954
v 54.22464845436947 401.013960616951 74.6338257764994
v 28.50758473618444 401.013960616951 87.7373242271855
v -1.4210854715202004e-14 401.013960616951 92.25248208062993
v -28.50758473618447 401.013960616951 87.7373242271855
v -54.224648454369515 401.013960616951 74.6338257764994
v -74.63382577649946 401.013960616951 54.22464845436954
v -87.73732422718547 401.013960616951 28.507584736184413
v -92.25248208062993 401.013960616951 0
v -87.73732422718547 401.013960616951 -28.50758473618447
v -74.63382577649946 401.013960616951 -54.224648454369486
v -54.224648454369515 401.013960616951 -74.6338257764994
v -28.50758473618447 401.013960616951 -87.73732422718544
v -1.4210854715202004e-14 401.013960616951 -92.25248208062993
v 28.50758473618444 401.013960616951 -87.73732422718544
v 54.22464845436947 401.013960616951 -74.6338257764994
v 74.6338257764994 401.013960616951 -54.224648454369486
v 87.73732422718541 401.013960616951 -28.50758473618447
v 95.8057690377288 391.859008856868 0
v 91.11670094200034 391.859008856868 29.6056107918194
v 77.50849531068309 391.859008856868 56.31321812491592
v 56.313218124915835 391.859008856868 77.50849531068312
v 29.6056107918194 391.859008856868 91.11670094200034
v -1.4210854715202004e-14 391.859008856868 95.80576903772877
v -29.6056107918194 391.859008856868 91.11670094200034
v -56.31321812491586 391.859008856868 77.50849531068312
v -77.50849531068309 391.859008856868 56.31321812491592
v -91.11670094200036 391.859008856868 29.6056107918194
v -95.8057690377288 391.859008856868 0
v -91.11670094200036 391.859008856868 -29.6056107918194
v -77.50849531068309 391.859008856868 -56.31321812491586
v -56.31321812491586 391.859008856868 -77.50849531068312
v -29.6056107918194 391.859008856868 -91.11670094200036
v -1.4210854715202004e-14 391.859008856868 -95.8057690377288
v 29.6056107918194 391.859008856868 -91.11670094200036
v 56.313218124915835 391.859008856868 -77.50849531068312
v 77.50849531068309 391.859008856868 -56.31321812491586
v 91.11670094200034 391.859008856868 -29.6056107918194
v 97 382.47294095445415 0
v 92.2524820806299 382.47294095445415 29.974648454369458
v 78.47464845436947 382.47294095445415 57.015169472370275
v 57.015169472370275 382.47294095445415 78.47464845436949
v 29.974648454369458 382.47294095445415 92.25248208062993
v -1.4210854715202004e-14 382.47294095445415 97.00000000000003
v -29.974648454369515 382.47294095445415 92.25248208062993
v -57.0151694723703 382.47294095445415 78.47464845436949
v -78.47464845436951 382.47294095445415 57.015169472370275
v -92.25248208062993 382.47294095445415 29.974648454369458
v -97 382.47294095445415 0
v -92.25248208062993 382.47294095445415 -29.974648454369486
v -78.47464845436951 382.47294095445415 -57.0151694723703
v -57.0151694723703 382.47294095445415 -78.47464845436949
v -29.974648454369515 382.47294095445415 -92.25248208062993
v -1.4210854715202004e-14 382.47294095445415 -97.00000000000003
v 29.974648454369458 382.47294095445415 -92.25248208062993
v 57.015169472370275 382.47294095445415 -78.47464845436949
v 78.47464845436947 382.47294095445415 -57.0151694723703
v 92.2524820806299 382.47294095445415 -29.974648454369486
v 95.8057690377288 373.0868730520403 0
v 91.11670094200034 373.0868730520403 29.6056107918194
v 77.50849531068309 373.0868730520403 56.31321812491592
v 56.313218124915835 373.0868730520403 77.50849531068312
v 29.6056107918194 373.0868730520403 91.11670094200034
v -1.4210854715202004e-14 373.0868730520403 95.80576903772877
v -29.6056107918194 373.0868730520403 91.11670094200034
v -56.31321812491586 373.0868730520403 77.50849531068312
v -77.50849531068309 373.0868730520403 56.31321812491592
v -91.11670094200036 373.0868730520403 29.6056107918194
v -95.8057690377288 373.0868730520403 0
v -91.11670094200036 373.0868730520403 -29.6056107918194
v -77.50849531068309 373.0868730520403 -56.31321812491586
v -56.31321812491586 373.0868730520403 -77.50849531068312
v -29.6056107918194 373.0868730520403 -91.11670094200036
v -1.4210854715202004e-14 373.0868730520403 -95.8057690377288
v 29.6056107918194 373.0868730520403 -91.11670094200036
v 56.313218124915835 373.0868730520403 -77.50849531068312
v 77.50849531068309 373.0868730520403 -56.31321812491586
v 91.11670094200034 373.0868730520403 -29.6056107918194
v 92.2524820806299 363.9319212919573 0
v 87.73732422718541 363.9319212919573 28.507584736184413
v 74.6338257764994 363.9319212919573 54.22464845436954
v 54.22464845436947 363.9319212919573 74.6338257764994
v 28.50758473618444 363.9319212919573 87.7373242271855
v -1.4210854715202004e-14 363.9319212919573 92.25248208062993
v -28.50758473618447 363.9319212919573 87.7373242271855
v -54.224648454369515 363.9319212919573 74.6338257764994
v -74.63382577649946 363.9319212919573 54.22464845436954
v -87.73732422718547 363.9319212919573 28.507584736184413
v -92.25248208062993 363.9319212919573 0
v -87.73732422718547 363.9319212919573 -28.50758473618447
v -74.63382577649946 363.9319212919573 -54.224648454369486
v -54.224648454369515 363.9319212919573 -74.6338257764994
v -28.50758473618447 363.9319212919573 -87.73732422718544
v -1.4210854715202004e-14 363.9319212919573 -92.25248208062993
v 28.50758473618444 363.9319212919573 -87.73732422718544
v 54.22464845436947 363.9319212919573 -74.6338257764994
v 74.6338257764994 363.9319212919573 -54.224648454369486
v 87.73732422718541 363.9319212919573 -28.50758473618447
v 86.42763284627193 355.23351097008134 0
v 82.19756340641153 355.23351097008134 26.70760733309649
v 69.92142375623172 355.23351097008134 50.80088797758668
v 50.800887977586626 355.23351097008134 69.92142375623166
v 26.707607333096433 355.23351097008134 82.1975634064116
v -1.4210854715202004e-14 355.23351097008134 86.42763284627193
v -26.707607333096448 355.23351097008134 82.1975634064116
v -50.80088797758668 355.23351097008134 69.92142375623166
v -69.92142375623177 355.23351097008134 50.80088797758668
v -82.19756340641158 355.23351097008134 26.70760733309649
v -86.42763284627199 355.23351097008134 0
v -82.19756340641158 355.23351097008134 -26.707607333096462
v -69.92142375623177 355.23351097008134 -50.800887977586655
v -50.80088797758668 355.23351097008134 -69.92142375623175
v -26.707607333096448 355.23351097008134 -82.19756340641155
v -1.4210854715202004e-14 355.23351097008134 -86.42763284627196
v 26.707607333096433 355.23351097008134 -82.19756340641155
v 50.800887977586626 355.23351097008134 -69.92142375623175
v 69.92142375623172 355.23351097008134 -50.800887977586655
v 82.19756340641153 355.23351097008134 -26.707607333096462
v 78.47464845436947 347.20582581690576 0
v 74.6338257764994 347.20582581690576 24.250000000000057
v 63.487324227185425 347.20582581690576 46.126241040314994
v 46.126241040314945 347.20582581690576 63.48732422718547
v 24.249999999999986 347.20582581690576 74.6338257764994
v -1.4210854715202004e-14 347.20582581690576 78.47464845436949
v -24.250000000000014 347.20582581690576 74.6338257764994
v -46.126241040314994 347.20582581690576 63.48732422718547
v -63.48732422718547 347.20582581690576 46.126241040314994
v -74.63382577649946 347.20582581690576 24.250000000000057
v -78.47464845436951 347.20582581690576 0
v -74.63382577649946 347.20582581690576 -24.25
v -63.48732422718547 347.20582581690576 -46.126241040314966
v -46.126241040314994 347.20582581690576 -63.48732422718544
v -24.250000000000014 347.20582581690576 -74.6338257764994
v -1.4210854715202004e-14 347.20582581690576 -78.47464845436949
v 24.249999999999986 347.20582581690576 -74.6338257764994
v 46.126241040314945 347.20582581690576 -63.48732422718544
v 63.487324227185425 347.20582581690576 -46.126241040314966
v 74.6338257764994 347.20582581690576 -24.25
v 68.58935777509565 340.0465340832613 0
v 65.23235566050327 340.0465340832613 21.19527718576728
v 55.489956073315085 340.0465340832613 40.31581296441226
v 40.315812964412316 340.0465340832613 55.48995607331511
v 21.195277185767225 340.0465340832613 65.23235566050329
v -1.4210854715202004e-14 340.0465340832613 68.58935777509572
v -21.195277185767267 340.0465340832613 65.23235566050329
v -40.31581296441237 340.0465340832613 55.48995607331511
v -55.48995607331511 340.0465340832613 40.31581296441374
v -65.23235566050329 340.0465340832613 21.19527718576728
v -68.58935777509566 340.0465340832613 0
v -65.23235566050329 340.0465340832613 -21.195277185767253
v -55.48995607331511 340.0465340832613 -40.315812964412316
v -40.31581296441374 340.0465340832613 -55.48995607331511
v -21.195277185767267 340.0465340832613 -65.23235566050329
v -1.4210854715202004e-14 340.0465340832613 -68.58935777509566
v 21.195277185767225 340.0465340832613 -65.23235566050329
v 40.315812964412316 340.0465340832613 -55.48995607331511
v 55.489956073315085 340.0465340832613 -40.31581296441368
v 65.23235566050327 340.0465340832613 -21.195277185767253
v 57.015169472370275 333.9319212919573 0
v 54.22464845436947 333.9319212919573 17.618656304130496
v 46.126241040314945 333.9319212919573 33.51267577281459
v 33.512675772814575 333.9319212919573 46.126241040314994
v 17.618656304130482 333.9319212919573 54.22464845436954
v -1.4210854715202004e-14 333.9319212919573 57.015169472370275
v -17.618656304130525 333.9319212919573 54.22464845436954
v -33.51267577281459 333.9319212919573 46.126241040314994
v -46.126241040314994 333.9319212919573 33.51267577281459
v -54.224648454369515 333.9319212919573 17.618656304130496
v -57.0151694723703 333.9319212919573 0
v -54.224648454369515 333.9319212919573 -17.618656304130525
v -46.126241040314994 333.9319212919573 -33.51267577281459
v -33.51267577281459 333.9319212919573 -46.126241040314966
v -17.618656304130525 333.9319212919573 -54.224648454369486
v -1.4210854715202004e-14 333.9319212919573 -57.0151694723703
v 17.618656304130482 333.9319212919573 -54.224648454369486
v 33.512675772814575 333.9319212919573 -46.126241040314966
v 46.126241040314945 333.9319212919573 -33.51267577281459
v 54.22464845436947 333.9319212919573 -17.618656304130525
v 44.03707847473603 329.0125495031521 0
v 41.88175044199921 329.0125495031521 13.608205631317247
v 35.62674486868522 329.0125495031521 25.884345281495712
v 25.884345281495683 329.0125495031521 35.62674486868525
v 13.608205631317233 329.0125495031521 41.8817504419992
v -1.4210854715202004e-14 329.0125495031521 44.03707847473609
v -13.608205631317261 329.0125495031521 41.8817504419992
v -25.884345281495712 329.0125495031521 35.62674486868525
v -35.62674486868525 329.0125495031521 25.884345281495712
v -41.88175044199926 329.0125495031521 13.608205631317247
v -44.03707847473606 329.0125495031521 0
v -41.88175044199926 329.0125495031521 -13.608205631317247
v -35.62674486868525 329.0125495031521 -25.884345281495712
v -25.884345281495712 329.0125495031521 -35.62674486868525
v -13.608205631317261 329.0125495031521 -41.88175044199923
v -1.4210854715202004e-14 329.0125495031521 -44.03707847473606
v 13.608205631317233 329.0125495031521 -41.88175044199923
v 25.884345281495683 329.0125495031521 -35.62674486868525
v 35.62674486868522 329.0125495031521 -25.884345281495712
v 41.88175044199921 329.0125495031521 -13.608205631317247
v 29.974648454369458 325.4095499767449 0
v 28.50758473618444 325.4095499767449 9.262675772814532
v 24.249999999999986 325.4095499767449 17.618656304130496
v 17.618656304130482 325.4095499767449 24.250000000000057
v 9.262675772814575 325.4095499767449 28.507584736184413
v -1.4210854715202004e-14 325.4095499767449 29.974648454369458
v -9.262675772814603 325.4095499767449 28.507584736184413
v -17.618656304130525 325.4095499767449 24.250000000000057
v -24.250000000000014 325.4095499767449 17.618656304130496
v -28.50758473618447 325.4095499767449 9.262675772814532
v -29.974648454369515 325.4095499767449 0
v -28.50758473618447 325.4095499767449 -9.262675772814589
v -24.250000000000014 325.4095499767449 -17.618656304130525
v -17.618656304130525 325.4095499767449 -24.25
v -9.262675772814603 325.4095499767449 -28.50758473618447
v -1.4210854715202004e-14 325.4095499767449 -29.974648454369486
v 9.262675772814575 325.4095499767449 -28.50758473618447
v 17.618656304130482 325.4095499767449 -24.25
v 24.249999999999986 325.4095499767449 -17.618656304130525
v 28.50758473618444 325.4095499767449 -9.262675772814589
v 15.174143108902754 323.21164051874587 0
v 14.431467682916619 323.21164051874587 4.68906809572843
v 12.2761396501798 323.21164051874587 8.919137535588845
v 8.919137535588774 323.21164051874587 12.2761396501798
v 4.68906809572843 323.21164051874587 14.43146768291669
v -1.4210854715202004e-14 323.21164051874587 15.17414310890274
v -4.689068095728473 323.21164051874587 14.43146768291669
v -8.919137535588803 323.21164051874587 12.2761396501798
v -12.276139650179829 323.21164051874587 8.919137535588845
v -14.431467682916647 323.21164051874587 4.68906809572843
v -15.174143108902783 323.21164051874587 0
v -14.431467682916647 323.21164051874587 -4.689068095728459
v -12.276139650179829 323.21164051874587 -8.919137535588789
v -8.919137535588803 323.21164051874587 -12.2761396501798
v -4.689068095728473 323.21164051874587 -14.431467682916633
v -1.4210854715202004e-14 323.21164051874587 -15.174143108902769
v 4.68906809572843 323.21164051874587 -14.431467682916633
v 8.919137535588774 323.21164051874587 -12.2761396501798
v 12.2761396501798 323.21164051874587 -8.919137535588789
v 14.431467682916619 323.21164051874587 -4.689068095728459
v -1.4210854715202004e-14 442.47294095445415 0
v -1.4210854715202004e-14 322.47294095445415 0
# 382 vertices
vt 0.059273996519151384 1
vt 0.1170884705248807 1
vt 0.11135775287572047 0.9638176727624432
vt 0.05637292063639304 0.9816833277510608
vt 0.05637292063639304 0.9816833277510608
vt 0.11135775287572047 0.9638176727624432
vt 0.09472656249999994 0.9311771238119902
vt 0.047953670508514845 0.9651596190016061
vt 0.047953670508514845 0.9651596190016061
vt 0.09472656249999994 0.9311771238119902
vt 0.0688228761880097 0.9052734374999998
vt 0.03484038099839365 0.9520463294914852
vt 0.03484038099839365 0.9520463294914852
vt 0.0688228761880097 0.9052734374999998
vt 0.03618232723755693 0.8886422471242796
vt 0.01831667224893918 0.9436270793636067
vt 0.01831667224893918 0.9436270793636067
vt 0.03618232723755693 0.8886422471242796
vt -5.551115123125783e-17 0.8829115294751193
vt -5.551115123125783e-17 0.9407260034808487
vt -5.551115123125783e-17 0.9407260034808487
vt -5.551115123125783e-17 0.8829115294751193
vt -0.036182327237557044 0.8886422471242796
vt -0.018316672248939347 0.9436270793636067
vt -0.018316672248939347 0.9436270793636067
vt -0.036182327237557044 0.8886422471242796
vt -0.06882287618800986 0.9052734374999998
vt -0.03484038099839376 0.9520463294914852
vt -0.03484038099839376 0.9520463294914852
vt -0.06882287618800986 0.9052734374999998
vt -0.09472656250000006 0.9311771238119902
vt -0.047953670508514956 0.9651596190016061
vt -0.047953670508514956 0.9651596190016061
vt -0.09472656250000006 0.9311771238119902
vt -0.11135775287572058 0.9638176727624432
vt -0.05637292063639315 0.9816833277510608
vt -0.05637292063639315 0.9816833277510608
vt -0.11135775287572058 0.9638176727624432
vt -0.11708847052488092 1
vt -0.059273996519151495 1
vt -0.059273996519151495 1
vt -0.11708847052488092 1
vt -0.11135775287572058 1.036182327237557
vt -0.05637292063639315 1.0183166722489392
vt -0.05637292063639315 1.0183166722489392
vt -0.11135775287572058 1.036182327237557
vt -0.09472656250000006 1.0688228761880099
vt -0.047953670508514956 1.0348403809983937
vt -0.047953670508514956 1.0348403809983937
vt -0.09472656250000006 1.0688228761880099
vt -0.06882287618800986 1.0947265625
vt -0.03484038099839376 1.0479536705085148
vt -0.03484038099839376 1.0479536705085148
vt -0.06882287618800986 1.0947265625
vt -0.036182327237557044 1.1113577528757206
vt -0.018316672248939347 1.056372920636393
vt -0.018316672248939347 1.056372920636393
vt -0.036182327237557044 1.1113577528757206
vt -5.551115123125783e-17 1.1170884705248807
vt -5.551115123125783e-17 1.0592739965191513
vt -5.551115123125783e-17 1.0592739965191513
vt -5.551115123125783e-17 1.1170884705248807
vt 0.03618232723755693 1.1113577528757206
vt 0.01831667224893918 1.056372920636393
vt 0.01831667224893918 1.056372920636393
vt 0.03618232723755693 1.1113577528757206
vt 0.0688228761880097 1.0947265625
vt 0.03484038099839365 1.0479536705085148
vt 0.03484038099839365 1.0479536705085148
vt 0.0688228761880097 1.0947265625
vt 0.09472656249999994 1.0688228761880099
vt 0.047953670508514845 1.0348403809983937
vt 0.047953670508514845 1.0348403809983937
vt 0.09472656249999994 1.0688228761880099
vt 0.11135775287572047 1.036182327237557
vt 0.05637292063639304 1.0183166722489392
vt 0.05637292063639304 1.0183166722489392
vt 0.11135775287572047 1.036182327237557
vt 0.1170884705248807 1
vt 0.059273996519151384 1
vt 0.1170884705248807 1
vt 0.1720198377919376 1
vt 0.1636005876640594 0.946842946752667
vt 0.11135775287572047 0.9638176727624432
vt 0.11135775287572047 0.9638176727624432
vt 0.1636005876640594 0.946842946752667
vt 0.13916697214330165 0.8988892762441574
vt 0.09472656249999994 0.9311771238119902
vt 0.09472656249999994 0.9311771238119902
vt 0.13916697214330165 0.8988892762441574
vt 0.10111072375584251 0.8608330278566982
vt 0.0688228761880097 0.9052734374999998
vt 0.0688228761880097 0.9052734374999998
vt 0.10111072375584251 0.8608330278566982
vt 0.05315705324733294 0.8363994123359406
vt 0.03618232723755693 0.8886422471242796
vt 0.03618232723755693 0.8886422471242796
vt 0.05315705324733294 0.8363994123359406
vt -5.551115123125783e-17 0.8279801622080621
vt -5.551115123125783e-17 0.8829115294751193
vt -5.551115123125783e-17 0.8829115294751193
vt -5.551115123125783e-17 0.8279801622080621
vt -0.05315705324733305 0.8363994123359406
vt -0.036182327237557044 0.8886422471242796
vt -0.036182327237557044 0.8886422471242796
vt -0.05315705324733305 0.8363994123359406
vt -0.10111072375584262 0.8608330278566982
vt -0.06882287618800986 0.9052734374999998
vt -0.06882287618800986 0.9052734374999998
vt -0.10111072375584262 0.8608330278566982
vt -0.13916697214330176 0.8988892762441574
vt -0.09472656250000006 0.9311771238119902
vt -0.09472656250000006 0.9311771238119902
vt -0.13916697214330176 0.8988892762441574
vt -0.1636005876640596 0.946842946752667
vt -0.11135775287572058 0.9638176727624432
vt -0.11135775287572058 0.9638176727624432
vt -0.1636005876640596 0.946842946752667
vt -0.17201983779193775 1
vt -0.11708847052488092 1
vt -0.11708847052488092 1
vt -0.17201983779193775 1
vt -0.1636005876640596 1.0531570532473329
vt -0.11135775287572058 1.036182327237557
vt -0.11135775287572058 1.036182327237557
vt -0.1636005876640596 1.0531570532473329
vt -0.13916697214330176 1.1011107237558426
vt -0.09472656250000006 1.0688228761880099
vt -0.09472656250000006 1.0688228761880099
vt -0.13916697214330176 1.1011107237558426
vt -0.10111072375584262 1.1391669721433018
vt -0.06882287618800986 1.0947265625
vt -0.06882287618800986 1.0947265625
vt -0.10111072375584262 1.1391669721433018
vt -0.05315705324733305 1.1636005876640594
vt -0.036182327237557044 1.1113577528757206
vt -0.036182327237557044 1.1113577528757206
vt -0.05315705324733305 1.1636005876640594
vt -5.551115123125783e-17 1.1720198377919377
vt -5.551115123125783e-17 1.1170884705248807
vt -5.551115123125783e-17 1.1170884705248807
vt -5.551115123125783e-17 1.1720198377919377
vt 0.05315705324733294 1.1636005876640594
vt 0.03618232723755693 1.1113577528757206
vt 0.03618232723755693 1.1113577528757206
vt 0.05315705324733294 1.1636005876640594
vt 0.10111072375584251 1.1391669721433018
vt 0.0688228761880097 1.0947265625
vt 0.0688228761880097 1.0947265625
vt 0.10111072375584251 1.1391669721433018
vt 0.13916697214330165 1.1011107237558426
vt 0.09472656249999994 1.0688228761880099
vt 0.09472656249999994 1.0688228761880099
vt 0.13916697214330165 1.1011107237558426
vt 0.1636005876640594 1.0531570532473329
vt 0.11135775287572047 1.036182327237557
vt 0.11135775287572047 1.036182327237557
vt 0.1636005876640594 1.0531570532473329
vt 0.1720198377919376 1
vt 0.1170884705248807 1
vt 0.1720198377919376 1
vt 0.22271550575144639 1
vt 0.21181503302488075 0.9311771238119902
vt 0.1636005876640594 0.946842946752667
vt 0.1636005876640594 0.946842946752667
vt 0.21181503302488075 0.9311771238119902
vt 0.18018062906373025 0.869091110262443
vt 0.13916697214330165 0.8988892762441574
vt 0.13916697214330165 0.8988892762441574
vt 0.18018062906373025 0.869091110262443
vt 0.13090888973755693 0.8198193709362696
vt 0.10111072375584251 0.8608330278566982
vt 0.10111072375584251 0.8608330278566982
vt 0.13090888973755693 0.8198193709362696
vt 0.0688228761880097 0.788184966975119
vt 0.05315705324733294 0.8363994123359406
vt 0.05315705324733294 0.8363994123359406
vt 0.0688228761880097 0.788184966975119
vt -5.551115123125783e-17 0.7772844942485536
vt -5.551115123125783e-17 0.8279801622080621
vt -5.551115123125783e-17 0.8279801622080621
vt -5.551115123125783e-17 0.7772844942485536
vt -0.06882287618800986 0.788184966975119
vt -0.05315705324733305 0.8363994123359406
vt -0.05315705324733305 0.8363994123359406
vt -0.06882287618800986 0.788184966975119
vt -0.130908889737557 0.8198193709362696
vt -0.10111072375584262 0.8608330278566982
vt -0.10111072375584262 0.8608330278566982
vt -0.130908889737557 0.8198193709362696
vt -0.18018062906373045 0.869091110262443
vt -0.13916697214330176 0.8988892762441574
vt -0.13916697214330176 0.8988892762441574
vt -0.18018062906373045 0.869091110262443
vt -0.21181503302488092 0.9311771238119902
vt -0.1636005876640596 0.946842946752667
vt -0.1636005876640596 0.946842946752667
vt -0.21181503302488092 0.9311771238119902
vt -0.2227155057514465 1
vt -0.17201983779193775 1
vt -0.17201983779193775 1
vt -0.2227155057514465 1
vt -0.21181503302488092 1.0688228761880099
vt -0.1636005876640596 1.0531570532473329
vt -0.1636005876640596 1.0531570532473329
vt -0.21181503302488092 1.0688228761880099
vt -0.18018062906373045 1.130908889737557
vt -0.13916697214330176 1.1011107237558426
vt -0.13916697214330176 1.1011107237558426
vt -0.18018062906373045 1.130908889737557
vt -0.130908889737557 1.1801806290637304
vt -0.10111072375584262 1.1391669721433018
vt -0.10111072375584262 1.1391669721433018
vt -0.130908889737557 1.1801806290637304
vt -0.06882287618800986 1.2118150330248807
vt -0.05315705324733305 1.1636005876640594
vt -0.05315705324733305 1.1636005876640594
vt -0.06882287618800986 1.2118150330248807
vt -5.551115123125783e-17 1.2227155057514465
vt -5.551115123125783e-17 1.1720198377919377
vt -5.551115123125783e-17 1.1720198377919377
vt -5.551115123125783e-17 1.2227155057514465
vt 0.0688228761880097 1.2118150330248807
vt 0.05315705324733294 1.1636005876640594
vt 0.05315705324733294 1.1636005876640594
vt 0.0688228761880097 1.2118150330248807
vt 0.13090888973755693 1.1801806290637304
vt 0.10111072375584251 1.1391669721433018
vt 0.10111072375584251 1.1391669721433018
vt 0.13090888973755693 1.1801806290637304
vt 0.18018062906373025 1.130908889737557
vt 0.13916697214330165 1.1011107237558426
vt 0.13916697214330165 1.1011107237558426
vt 0.18018062906373025 1.130908889737557
vt 0.21181503302488075 1.0688228761880099
vt 0.1636005876640594 1.0531570532473329
vt 0.1636005876640594 1.0531570532473329
vt 0.21181503302488075 1.0688228761880099
vt 0.22271550575144639 1
vt 0.1720198377919376 1
vt 0.22271550575144639 1
vt 0.2679271788089674 1
vt 0.2548138892988409 0.9172059484930966
vt 0.21181503302488075 0.9311771238119902
vt 0.21181503302488075 0.9311771238119902
vt 0.2548138892988409 0.9172059484930966
vt 0.21675764091138705 0.8425163556077646
vt 0.18018062906373025 0.869091110262443
vt 0.18018062906373025 0.869091110262443
vt 0.21675764091138705 0.8425163556077646
vt 0.1574836443922356 0.7832423590886128
vt 0.13090888973755693 0.8198193709362696
vt 0.13090888973755693 0.8198193709362696
vt 0.1574836443922356 0.7832423590886128
vt 0.08279405150690322 0.745186110701159
vt 0.0688228761880097 0.788184966975119
vt 0.0688228761880097 0.788184966975119
vt 0.08279405150690322 0.745186110701159
vt -5.551115123125783e-17 0.7320728211910323
vt -5.551115123125783e-17 0.7772844942485536
vt -5.551115123125783e-17 0.7772844942485536
vt -5.551115123125783e-17 0.7320728211910323
vt -0.08279405150690339 0.745186110701159
vt -0.06882287618800986 0.788184966975119
vt -0.06882287618800986 0.788184966975119
vt -0.08279405150690339 0.745186110701159
vt -0.15748364439223583 0.7832423590886128
vt -0.130908889737557 0.8198193709362696
vt -0.130908889737557 0.8198193709362696
vt -0.15748364439223583 0.7832423590886128
vt -0.21675764091138716 0.8425163556077646
vt -0.18018062906373045 0.869091110262443
vt -0.18018062906373045 0.869091110262443
vt -0.21675764091138716 0.8425163556077646
vt -0.25481388929884097 0.9172059484930966
vt -0.21181503302488092 0.9311771238119902
vt -0.21181503302488092 0.9311771238119902
vt -0.25481388929884097 0.9172059484930966
vt -0.26792717880896744 1
vt -0.2227155057514465 1
vt -0.2227155057514465 1
vt -0.26792717880896744 1
vt -0.25481388929884097 1.0827940515069034
vt -0.21181503302488092 1.0688228761880099
vt -0.21181503302488092 1.0688228761880099
vt -0.25481388929884097 1.0827940515069034
vt -0.21675764091138716 1.1574836443922356
vt -0.18018062906373045 1.130908889737557
vt -0.18018062906373045 1.130908889737557
vt -0.21675764091138716 1.1574836443922356
vt -0.15748364439223583 1.2167576409113872
vt -0.130908889737557 1.1801806290637304
vt -0.130908889737557 1.1801806290637304
vt -0.15748364439223583 1.2167576409113872
vt -0.08279405150690339 1.254813889298841
vt -0.06882287618800986 1.2118150330248807
vt -0.06882287618800986 1.2118150330248807
vt -0.08279405150690339 1.254813889298841
vt -5.551115123125783e-17 1.2679271788089674
vt -5.551115123125783e-17 1.2227155057514465
vt -5.551115123125783e-17 1.2227155057514465
vt -5.551115123125783e-17 1.2679271788089674
vt 0.08279405150690322 1.254813889298841
vt 0.0688228761880097 1.2118150330248807
vt 0.0688228761880097 1.2118150330248807
vt 0.08279405150690322 1.254813889298841
vt 0.1574836443922356 1.2167576409113872
vt 0.13090888973755693 1.1801806290637304
vt 0.13090888973755693 1.1801806290637304
vt 0.1574836443922356 1.2167576409113872
vt 0.21675764091138705 1.157483644392241
vt 0.18018062906373025 1.130908889737557
vt 0.18018062906373025 1.130908889737557
vt 0.21675764091138705 1.157483644392241
vt 0.2548138892988409 1.0827940515069034
vt 0.21181503302488075 1.0688228761880099
vt 0.21181503302488075 1.0688228761880099
vt 0.2548138892988409 1.0827940515069034
vt 0.2679271788089674 1
vt 0.22271550575144639 1
vt 0.2679271788089674 1
vt 0.30654159552488075 1
vt 0.2915383819394508 0.9052734374999998
vt 0.2548138892988409 0.9172059484930966
vt 0.2548138892988409 0.9172059484930966
vt 0.2915383819394508 0.9052734374999998
vt 0.24799736026244307 0.8198193709362696
vt 0.21675764091138705 0.8425163556077646
vt 0.21675764091138705 0.8425163556077646
vt 0.24799736026244307 0.8198193709362696
vt 0.18018062906373025 0.7520026397375568
vt 0.1574836443922356 0.7832423590886128
vt 0.1574836443922356 0.7832423590886128
vt 0.18018062906373025 0.7520026397375568
vt 0.09472656249999994 0.7084616180605492
vt 0.08279405150690322 0.745186110701159
vt 0.08279405150690322 0.745186110701159
vt 0.09472656249999994 0.7084616180605492
vt -5.551115123125783e-17 0.6934584044751192
vt -5.551115123125783e-17 0.7320728211910323
vt -5.551115123125783e-17 0.7320728211910323
vt -5.551115123125783e-17 0.6934584044751192
vt -0.09472656250000006 0.7084616180605492
vt -0.08279405150690339 0.745186110701159
vt -0.08279405150690339 0.745186110701159
vt -0.09472656250000006 0.7084616180605492
vt -0.18018062906373045 0.7520026397375568
vt -0.15748364439223583 0.7832423590886128
vt -0.15748364439223583 0.7832423590886128
vt -0.18018062906373045 0.7520026397375568
vt -0.24799736026244323 0.8198193709362696
vt -0.21675764091138716 0.8425163556077646
vt -0.21675764091138716 0.8425163556077646
vt -0.24799736026244323 0.8198193709362696
vt -0.29153838193945103 0.9052734374999998
vt -0.25481388929884097 0.9172059484930966
vt -0.25481388929884097 0.9172059484930966
vt -0.29153838193945103 0.9052734374999998
vt -0.3065415955248809 1
vt -0.26792717880896744 1
vt -0.26792717880896744 1
vt -0.3065415955248809 1
vt -0.29153838193945103 1.0947265625
vt -0.25481388929884097 1.0827940515069034
vt -0.25481388929884097 1.0827940515069034
vt -0.29153838193945103 1.0947265625
vt -0.24799736026244323 1.1801806290637304
vt -0.21675764091138716 1.1574836443922356
vt -0.21675764091138716 1.1574836443922356
vt -0.24799736026244323 1.1801806290637304
vt -0.18018062906373045 1.2479973602624432
vt -0.15748364439223583 1.2167576409113872
vt -0.15748364439223583 1.2167576409113872
vt -0.18018062906373045 1.2479973602624432
vt -0.09472656250000006 1.2915383819394508
vt -0.08279405150690339 1.254813889298841
vt -0.08279405150690339 1.254813889298841
vt -0.09472656250000006 1.2915383819394508
vt -5.551115123125783e-17 1.3065415955248807
vt -5.551115123125783e-17 1.2679271788089674
vt -5.551115123125783e-17 1.2679271788089674
vt -5.551115123125783e-17 1.3065415955248807
vt 0.09472656249999994 1.2915383819394508
vt 0.08279405150690322 1.254813889298841
vt 0.08279405150690322 1.254813889298841
vt 0.09472656249999994 1.2915383819394508
vt 0.18018062906373025 1.2479973602624432
vt 0.1574836443922356 1.2167576409113872
vt 0.1574836443922356 1.2167576409113872
vt 0.18018062906373025 1.2479973602624432
vt 0.24799736026244307 1.1801806290637304
vt 0.21675764091138705 1.157483644392241
vt 0.21675764091138705 1.157483644392241
vt 0.24799736026244307 1.1801806290637304
vt 0.2915383819394508 1.0947265625
vt 0.2548138892988409 1.0827940515069034
vt 0.2548138892988409 1.0827940515069034
vt 0.2915383819394508 1.0947265625
vt 0.30654159552488075 1
vt 0.2679271788089674 1
vt 0 2.631797094109385
vt 0 2.600438948979793
vt -0.10432659114490817 2.600438948979793
vt -0.09472656250000022 2.631797094109385
vt 0.2915383819394508 0.9052734374999998
vt 0.32108423205629505 0.8956734088550918
vt 0.27313056154778015 0.801559031337552
vt 0.24799736026244307 0.8198193709362696
vt 0.24799736026244307 0.8198193709362696
vt 0.27313056154778015 0.801559031337552
vt 0.19844096866244776 0.7268694384522201
vt 0.18018062906373025 0.7520026397375568
vt 0.18018062906373025 0.7520026397375568
vt 0.19844096866244776 0.7268694384522201
vt 0.10432659114490794 0.6789157679437047
vt 0.09472656249999994 0.7084616180605492
vt 0.09472656249999994 2.631797094109385
vt 0.10432659114490794 2.600438948979793
vt -5.551115123125783e-17 2.600438948979793
vt -5.551115123125783e-17 2.631797094109385
vt -5.551115123125783e-17 2.631797094109385
vt -5.551115123125783e-17 2.600438948979793
vt -0.104326591144908 2.600438948979793
vt -0.09472656250000006 2.631797094109385
vt -0.09472656250000006 0.7084616180605492
vt -0.104326591144908 0.6789157679437047
vt -0.19844096866244798 0.7268694384522201
vt -0.18018062906373045 0.7520026397375568
vt -0.18018062906373045 0.7520026397375568
vt -0.19844096866244798 0.7268694384522201
vt -0.27313056154778037 0.801559031337552
vt -0.24799736026244323 0.8198193709362696
vt -0.24799736026244323 0.8198193709362696
vt -0.27313056154778037 0.801559031337552
vt -0.3210842320562952 0.8956734088550918
vt -0.29153838193945103 0.9052734374999998
vt 0.09472656250000022 2.631797094109385
vt 0.10432659114490817 2.600438948979793
vt 0 2.600438948979793
vt 0 2.631797094109385
vt 0 2.631797094109385
vt 0 2.600438948979793
vt -0.10432659114490805 2.600438948979793
vt -0.0947265625 2.631797094109385
vt -0.29153838193945103 1.0947265625
vt -0.3210842320562952 1.104326591144908
vt -0.27313056154778037 1.1984409686624478
vt -0.24799736026244323 1.1801806290637304
vt -0.24799736026244323 1.1801806290637304
vt -0.27313056154778037 1.1984409686624478
vt -0.19844096866244798 1.2731305615477804
vt -0.18018062906373045 1.2479973602624432
vt -0.18018062906373045 1.2479973602624432
vt -0.19844096866244798 1.2731305615477804
vt -0.104326591144908 1.321084232056295
vt -0.09472656250000006 1.2915383819394508
vt 0.09472656250000006 2.631797094109385
vt 0.104326591144908 2.600438948979793
vt 5.551115123125783e-17 2.600438948979793
vt 5.551115123125783e-17 2.631797094109385
vt 5.551115123125783e-17 2.631797094109385
vt 5.551115123125783e-17 2.600438948979793
vt -0.10432659114490794 2.600438948979793
vt -0.09472656249999994 2.631797094109385
vt 0.09472656249999994 1.2915383819394508
vt 0.10432659114490794 1.321084232056295
vt 0.19844096866244776 1.2731305615477804
vt 0.18018062906373025 1.2479973602624432
vt 0.18018062906373025 1.2479973602624432
vt 0.19844096866244776 1.2731305615477804
vt 0.27313056154778015 1.1984409686624478
vt 0.24799736026244307 1.1801806290637304
vt 0.24799736026244307 1.1801806290637304
vt 0.27313056154778015 1.1984409686624478
vt 0.32108423205629505 1.104326591144908
vt 0.2915383819394508 1.0947265625
vt 0.0947265625 2.631797094109385
vt 0.10432659114490805 2.600438948979793
vt 0 2.600438948979793
vt 0 2.631797094109385
vt 0 2.600438948979793
vt 0 2.5664607836599647
vt -0.11135775287572036 2.5664607836599647
vt -0.10432659114490817 2.600438948979793
vt -0.10432659114490817 2.600438948979793
vt -0.11135775287572036 2.5664607836599647
vt -0.21181503302488103 2.5664607836599647
vt -0.19844096866244798 2.600438948979793
vt 0.27313056154778015 2.600438948979793
vt 0.2915383819394508 2.5664607836599647
vt 0.21181503302488075 2.5664607836599647
vt 0.19844096866244776 2.600438948979793
vt 0.19844096866244776 2.600438948979793
vt 0.21181503302488075 2.5664607836599647
vt 0.11135775287572047 2.5664607836599647
vt 0.10432659114490794 2.600438948979793
vt 0.10432659114490794 2.600438948979793
vt 0.11135775287572047 2.5664607836599647
vt -5.551115123125783e-17 2.5664607836599647
vt -5.551115123125783e-17 2.600438948979793
vt -5.551115123125783e-17 2.600438948979793
vt -5.551115123125783e-17 2.5664607836599647
vt -0.11135775287572058 2.5664607836599647
vt -0.104326591144908 2.600438948979793
vt -0.104326591144908 2.600438948979793
vt -0.11135775287572058 2.5664607836599647
vt -0.21181503302488092 2.5664607836599647
vt -0.19844096866244798 2.600438948979793
vt -0.19844096866244798 2.600438948979793
vt -0.21181503302488092 2.5664607836599647
vt -0.29153838193945103 2.5664607836599647
vt -0.27313056154778037 2.600438948979793
vt 0.19844096866244798 2.600438948979793
vt 0.21181503302488103 2.5664607836599647
vt 0.11135775287572036 2.5664607836599647
vt 0.10432659114490817 2.600438948979793
vt 0.10432659114490817 2.600438948979793
vt 0.11135775287572036 2.5664607836599647
vt 0 2.5664607836599647
vt 0 2.600438948979793
vt 0 2.600438948979793
vt 0 2.5664607836599647
vt -0.11135775287572058 2.5664607836599647
vt -0.10432659114490805 2.600438948979793
vt -0.10432659114490805 2.600438948979793
vt -0.11135775287572058 2.5664607836599647
vt -0.2118150330248808 2.5664607836599647
vt -0.19844096866244787 2.600438948979793
vt 0.27313056154778037 2.600438948979793
vt 0.29153838193945103 2.5664607836599647
vt 0.21181503302488092 2.5664607836599647
vt 0.19844096866244798 2.600438948979793
vt 0.19844096866244798 2.600438948979793
vt 0.21181503302488092 2.5664607836599647
vt 0.11135775287572058 2.5664607836599647
vt 0.104326591144908 2.600438948979793
vt 0.104326591144908 2.600438948979793
vt 0.11135775287572058 2.5664607836599647
vt 5.551115123125783e-17 2.5664607836599647
vt 5.551115123125783e-17 2.600438948979793
vt 5.551115123125783e-17 2.600438948979793
vt 5.551115123125783e-17 2.5664607836599647
vt -0.11135775287572047 2.5664607836599647
vt -0.10432659114490794 2.600438948979793
vt -0.10432659114490794 2.600438948979793
vt -0.11135775287572047 2.5664607836599647
vt -0.21181503302488075 2.5664607836599647
vt -0.19844096866244776 2.600438948979793
vt 0.27313056154778026 2.600438948979793
vt 0.2915383819394508 2.5664607836599647
vt 0.2118150330248808 2.5664607836599647
vt 0.19844096866244787 2.600438948979793
vt 0.19844096866244787 2.600438948979793
vt 0.2118150330248808 2.5664607836599647
vt 0.11135775287572058 2.5664607836599647
vt 0.10432659114490805 2.600438948979793
vt 0.10432659114490805 2.600438948979793
vt 0.11135775287572058 2.5664607836599647
vt 0 2.5664607836599647
vt 0 2.600438948979793
vt 0 2.5664607836599647
vt 0 2.530699253347141
vt -0.11564691715554454 2.530699253347141
vt -0.11135775287572036 2.5664607836599647
vt -0.11135775287572036 2.5664607836599647
vt -0.11564691715554454 2.530699253347141
vt -0.2199735083004528 2.530699253347141
vt -0.21181503302488103 2.5664607836599647
vt 0.2915383819394508 2.5664607836599647
vt 0.3027675598073558 2.530699253347141
vt 0.21997350830045248 2.530699253347141
vt 0.21181503302488075 2.5664607836599647
vt 0.21181503302488075 2.5664607836599647
vt 0.21997350830045248 2.530699253347141
vt 0.11564691715554454 2.530699253347141
vt 0.11135775287572047 2.5664607836599647
vt 0.11135775287572047 2.5664607836599647
vt 0.11564691715554454 2.530699253347141
vt -5.551115123125783e-17 2.530699253347141
vt -5.551115123125783e-17 2.5664607836599647
vt -5.551115123125783e-17 2.5664607836599647
vt -5.551115123125783e-17 2.530699253347141
vt -0.11564691715554454 2.530699253347141
vt -0.11135775287572058 2.5664607836599647
vt -0.11135775287572058 2.5664607836599647
vt -0.11564691715554454 2.530699253347141
vt -0.2199735083004526 2.530699253347141
vt -0.21181503302488092 2.5664607836599647
vt -0.21181503302488092 2.5664607836599647
vt -0.2199735083004526 2.530699253347141
vt -0.3027675598073558 2.530699253347141
vt -0.29153838193945103 2.5664607836599647
vt 0.21181503302488103 2.5664607836599647
vt 0.2199735083004528 2.530699253347141
vt 0.11564691715554454 2.530699253347141
vt 0.11135775287572036 2.5664607836599647
vt 0.11135775287572036 2.5664607836599647
vt 0.11564691715554454 2.530699253347141
vt 0 2.530699253347141
vt 0 2.5664607836599647
vt 0 2.5664607836599647
vt 0 2.530699253347141
vt -0.11564691715554454 2.530699253347141
vt -0.11135775287572058 2.5664607836599647
vt -0.11135775287572058 2.5664607836599647
vt -0.11564691715554454 2.530699253347141
vt -0.2199735083004526 2.530699253347141
vt -0.2118150330248808 2.5664607836599647
vt -0.2118150330248808 2.5664607836599647
vt -0.2199735083004526 2.530699253347141
vt -0.3027675598073559 2.530699253347141
vt -0.2915383819394508 2.5664607836599647
vt 0.21181503302488092 2.5664607836599647
vt 0.2199735083004526 2.530699253347141
vt 0.11564691715554454 2.530699253347141
vt 0.11135775287572058 2.5664607836599647
vt 0.11135775287572058 2.5664607836599647
vt 0.11564691715554454 2.530699253347141
vt 5.551115123125783e-17 2.530699253347141
vt 5.551115123125783e-17 2.5664607836599647
vt 5.551115123125783e-17 2.5664607836599647
vt 5.551115123125783e-17 2.530699253347141
vt -0.11564691715554454 2.530699253347141
vt -0.11135775287572047 2.5664607836599647
vt -0.11135775287572047 2.5664607836599647
vt -0.11564691715554454 2.530699253347141
vt -0.21997350830045248 2.530699253347141
vt -0.21181503302488075 2.5664607836599647
vt -0.21181503302488075 2.5664607836599647
vt -0.21997350830045248 2.530699253347141
vt -0.3027675598073558 2.530699253347141
vt -0.2915383819394508 2.5664607836599647
vt 0.2118150330248808 2.5664607836599647
vt 0.2199735083004526 2.530699253347141
vt 0.11564691715554454 2.530699253347141
vt 0.11135775287572058 2.5664607836599647
vt 0.11135775287572058 2.5664607836599647
vt 0.11564691715554454 2.530699253347141
vt 0 2.530699253347141
vt 0 2.5664607836599647
vt 0 2.530699253347141
vt 0 2.4940349256033363
vt -0.1170884705248807 2.4940349256033363
vt -0.11564691715554454 2.530699253347141
vt -0.11564691715554454 2.530699253347141
vt -0.1170884705248807 2.4940349256033363
vt -0.22271550575144639 2.4940349256033363
vt -0.2199735083004528 2.530699253347141
vt 0.3027675598073558 2.530699253347141
vt 0.30654159552488075 2.4940349256033363
vt 0.22271550575144639 2.4940349256033363
vt 0.21997350830045248 2.530699253347141
vt 0.21997350830045248 2.530699253347141
vt 0.22271550575144639 2.4940349256033363
vt 0.1170884705248807 2.4940349256033363
vt 0.11564691715554454 2.530699253347141
vt 0.11564691715554454 2.530699253347141
vt 0.1170884705248807 2.4940349256033363
vt -5.551115123125783e-17 2.4940349256033363
vt -5.551115123125783e-17 2.530699253347141
vt -5.551115123125783e-17 2.530699253347141
vt -5.551115123125783e-17 2.4940349256033363
vt -0.11708847052488092 2.4940349256033363
vt -0.11564691715554454 2.530699253347141
vt -0.11564691715554454 2.530699253347141
vt -0.11708847052488092 2.4940349256033363
vt -0.2227155057514465 2.4940349256033363
vt -0.2199735083004526 2.530699253347141
vt -0.2199735083004526 2.530699253347141
vt -0.2227155057514465 2.4940349256033363
vt -0.3065415955248809 2.4940349256033363
vt -0.3027675598073558 2.530699253347141
vt 0.2199735083004528 2.530699253347141
vt 0.22271550575144639 2.4940349256033363
vt 0.1170884705248807 2.4940349256033363
vt 0.11564691715554454 2.530699253347141
vt 0.11564691715554454 2.530699253347141
vt 0.1170884705248807 2.4940349256033363
vt 0 2.4940349256033363
vt 0 2.530699253347141
vt 0 2.530699253347141
vt 0 2.4940349256033363
vt -0.1170884705248808 2.4940349256033363
vt -0.11564691715554454 2.530699253347141
vt -0.11564691715554454 2.530699253347141
vt -0.1170884705248808 2.4940349256033363
vt -0.2227155057514465 2.4940349256033363
vt -0.2199735083004526 2.530699253347141
vt -0.2199735083004526 2.530699253347141
vt -0.2227155057514465 2.4940349256033363
vt -0.3065415955248808 2.4940349256033363
vt -0.3027675598073559 2.530699253347141
vt 0.2199735083004526 2.530699253347141
vt 0.2227155057514465 2.4940349256033363
vt 0.11708847052488092 2.4940349256033363
vt 0.11564691715554454 2.530699253347141
vt 0.11564691715554454 2.530699253347141
vt 0.11708847052488092 2.4940349256033363
vt 5.551115123125783e-17 2.4940349256033363
vt 5.551115123125783e-17 2.530699253347141
vt 5.551115123125783e-17 2.530699253347141
vt 5.551115123125783e-17 2.4940349256033363
vt -0.1170884705248807 2.4940349256033363
vt -0.11564691715554454 2.530699253347141
vt -0.11564691715554454 2.530699253347141
vt -0.1170884705248807 2.4940349256033363
vt -0.22271550575144639 2.4940349256033363
vt -0.21997350830045248 2.530699253347141
vt -0.21997350830045248 2.530699253347141
vt -0.22271550575144639 2.4940349256033363
vt -0.30654159552488075 2.4940349256033363
vt -0.3027675598073558 2.530699253347141
vt 0.2199735083004526 2.530699253347141
vt 0.2227155057514465 2.4940349256033363
vt 0.1170884705248808 2.4940349256033363
vt 0.11564691715554454 2.530699253347141
vt 0.11564691715554454 2.530699253347141
vt 0.1170884705248808 2.4940349256033363
vt 0 2.4940349256033363
vt 0 2.530699253347141
vt 0 2.4940349256033363
vt 0 2.4573705978595326
vt -0.11564691715554454 2.4573705978595326
vt -0.1170884705248807 2.4940349256033363
vt -0.1170884705248807 2.4940349256033363
vt -0.11564691715554454 2.4573705978595326
vt -0.2199735083004528 2.4573705978595326
vt -0.22271550575144639 2.4940349256033363
vt -0.22271550575144639 2.4940349256033363
vt -0.2199735083004528 2.4573705978595326
vt -0.3027675598073559 2.4573705978595326
vt -0.3065415955248808 2.4940349256033363
vt 0.22271550575144639 2.4940349256033363
vt 0.21997350830045248 2.4573705978595326
vt 0.11564691715554454 2.4573705978595326
vt 0.1170884705248807 2.4940349256033363
vt 0.1170884705248807 2.4940349256033363
vt 0.11564691715554454 2.4573705978595326
vt -5.551115123125783e-17 2.4573705978595326
vt -5.551115123125783e-17 2.4940349256033363
vt -5.551115123125783e-17 2.4940349256033363
vt -5.551115123125783e-17 2.4573705978595326
vt -0.11564691715554454 2.4573705978595326
vt -0.11708847052488092 2.4940349256033363
vt -0.11708847052488092 2.4940349256033363
vt -0.11564691715554454 2.4573705978595326
vt -0.2199735083004526 2.4573705978595326
vt -0.2227155057514465 2.4940349256033363
vt 0.3065415955248808 2.4940349256033363
vt 0.3027675598073559 2.4573705978595326
vt 0.2199735083004528 2.4573705978595326
vt 0.22271550575144639 2.4940349256033363
vt 0.22271550575144639 2.4940349256033363
vt 0.2199735083004528 2.4573705978595326
vt 0.11564691715554454 2.4573705978595326
vt 0.1170884705248807 2.4940349256033363
vt 0.1170884705248807 2.4940349256033363
vt 0.11564691715554454 2.4573705978595326
vt 0 2.4573705978595326
vt 0 2.4940349256033363
vt 0 2.4940349256033363
vt 0 2.4573705978595326
vt -0.11564691715554454 2.4573705978595326
vt -0.1170884705248808 2.4940349256033363
vt -0.1170884705248808 2.4940349256033363
vt -0.11564691715554454 2.4573705978595326
vt -0.2199735083004526 2.4573705978595326
vt -0.2227155057514465 2.4940349256033363
vt -0.2227155057514465 2.4940349256033363
vt -0.2199735083004526 2.4573705978595326
vt -0.3027675598073559 2.4573705978595326
vt -0.3065415955248808 2.4940349256033363
vt 0.2227155057514465 2.4940349256033363
vt 0.2199735083004526 2.4573705978595326
vt 0.11564691715554454 2.4573705978595326
vt 0.11708847052488092 2.4940349256033363
vt 0.11708847052488092 2.4940349256033363
vt 0.11564691715554454 2.4573705978595326
vt 5.551115123125783e-17 2.4573705978595326
vt 5.551115123125783e-17 2.4940349256033363
vt 5.551115123125783e-17 2.4940349256033363
vt 5.551115123125783e-17 2.4573705978595326
vt -0.11564691715554454 2.4573705978595326
vt -0.1170884705248807 2.4940349256033363
vt -0.1170884705248807 2.4940349256033363
vt -0.11564691715554454 2.4573705978595326
vt -0.21997350830045248 2.4573705978595326
vt -0.22271550575144639 2.4940349256033363
vt 0.3065415955248808 2.4940349256033363
vt 0.3027675598073559 2.4573705978595326
vt 0.2199735083004526 2.4573705978595326
vt 0.2227155057514465 2.4940349256033363
vt 0.2227155057514465 2.4940349256033363
vt 0.2199735083004526 2.4573705978595326
vt 0.11564691715554454 2.4573705978595326
vt 0.1170884705248808 2.4940349256033363
vt 0.1170884705248808 2.4940349256033363
vt 0.11564691715554454 2.4573705978595326
vt 0 2.4573705978595326
vt 0 2.4940349256033363
vt 0 2.4573705978595326
vt 0 2.421609067546708
vt -0.11135775287572036 2.421609067546708
vt -0.11564691715554454 2.4573705978595326
vt -0.11564691715554454 2.4573705978595326
vt -0.11135775287572036 2.421609067546708
vt -0.21181503302488103 2.421609067546708
vt -0.2199735083004528 2.4573705978595326
vt 0.3027675598073558 2.4573705978595326
vt 0.2915383819394508 2.421609067546708
vt 0.21181503302488075 2.421609067546708
vt 0.21997350830045248 2.4573705978595326
vt 0.21997350830045248 2.4573705978595326
vt 0.21181503302488075 2.421609067546708
vt 0.11135775287572047 2.421609067546708
vt 0.11564691715554454 2.4573705978595326
vt 0.11564691715554454 2.4573705978595326
vt 0.11135775287572047 2.421609067546708
vt -5.551115123125783e-17 2.421609067546708
vt -5.551115123125783e-17 2.4573705978595326
vt -5.551115123125783e-17 2.4573705978595326
vt -5.551115123125783e-17 2.421609067546708
vt -0.11135775287572058 2.421609067546708
vt -0.11564691715554454 2.4573705978595326
vt -0.11564691715554454 2.4573705978595326
vt -0.11135775287572058 2.421609067546708
vt -0.21181503302488092 2.421609067546708
vt -0.2199735083004526 2.4573705978595326
vt -0.2199735083004526 2.4573705978595326
vt -0.21181503302488092 2.421609067546708
vt -0.29153838193945103 2.421609067546708
vt -0.3027675598073558 2.4573705978595326
vt 0.2199735083004528 2.4573705978595326
vt 0.21181503302488103 2.421609067546708
vt 0.11135775287572036 2.421609067546708
vt 0.11564691715554454 2.4573705978595326
vt 0.11564691715554454 2.4573705978595326
vt 0.11135775287572036 2.421609067546708
vt 0 2.421609067546708
vt 0 2.4573705978595326
vt 0 2.4573705978595326
vt 0 2.421609067546708
vt -0.11135775287572058 2.421609067546708
vt -0.11564691715554454 2.4573705978595326
vt -0.11564691715554454 2.4573705978595326
vt -0.11135775287572058 2.421609067546708
vt -0.2118150330248808 2.421609067546708
vt -0.2199735083004526 2.4573705978595326
vt -0.2199735083004526 2.4573705978595326
vt -0.2118150330248808 2.421609067546708
vt -0.2915383819394508 2.421609067546708
vt -0.3027675598073559 2.4573705978595326
vt 0.2199735083004526 2.4573705978595326
vt 0.21181503302488092 2.421609067546708
vt 0.11135775287572058 2.421609067546708
vt 0.11564691715554454 2.4573705978595326
vt 0.11564691715554454 2.4573705978595326
vt 0.11135775287572058 2.421609067546708
vt 5.551115123125783e-17 2.421609067546708
vt 5.551115123125783e-17 2.4573705978595326
vt 5.551115123125783e-17 2.4573705978595326
vt 5.551115123125783e-17 2.421609067546708
vt -0.11135775287572047 2.421609067546708
vt -0.11564691715554454 2.4573705978595326
vt -0.11564691715554454 2.4573705978595326
vt -0.11135775287572047 2.421609067546708
vt -0.21181503302488075 2.421609067546708
vt -0.21997350830045248 2.4573705978595326
vt -0.21997350830045248 2.4573705978595326
vt -0.21181503302488075 2.421609067546708
vt -0.2915383819394508 2.421609067546708
vt -0.3027675598073558 2.4573705978595326
vt 0.2199735083004526 2.4573705978595326
vt 0.2118150330248808 2.421609067546708
vt 0.11135775287572058 2.421609067546708
vt 0.11564691715554454 2.4573705978595326
vt 0.11564691715554454 2.4573705978595326
vt 0.11135775287572058 2.421609067546708
vt 0 2.421609067546708
vt 0 2.4573705978595326
vt 0 2.421609067546708
vt 0 2.3876309022268805
vt -0.10432659114490817 2.3876309022268805
vt -0.11135775287572036 2.421609067546708
vt -0.11135775287572036 2.421609067546708
vt -0.10432659114490817 2.3876309022268805
vt -0.19844096866244798 2.3876309022268805
vt -0.21181503302488103 2.421609067546708
vt 0.2915383819394508 2.421609067546708
vt 0.27313056154778015 2.3876309022268805
vt 0.19844096866244776 2.3876309022268805
vt 0.21181503302488075 2.421609067546708
vt 0.21181503302488075 2.421609067546708
vt 0.19844096866244776 2.3876309022268805
vt 0.10432659114490794 2.3876309022268805
vt 0.11135775287572047 2.421609067546708
vt 0.11135775287572047 2.421609067546708
vt 0.10432659114490794 2.3876309022268805
vt -5.551115123125783e-17 2.3876309022268805
vt -5.551115123125783e-17 2.421609067546708
vt -5.551115123125783e-17 2.421609067546708
vt -5.551115123125783e-17 2.3876309022268805
vt -0.104326591144908 2.3876309022268805
vt -0.11135775287572058 2.421609067546708
vt -0.11135775287572058 2.421609067546708
vt -0.104326591144908 2.3876309022268805
vt -0.19844096866244798 2.3876309022268805
vt -0.21181503302488092 2.421609067546708
vt -0.21181503302488092 2.421609067546708
vt -0.19844096866244798 2.3876309022268805
vt -0.27313056154778037 2.3876309022268805
vt -0.29153838193945103 2.421609067546708
vt 0.21181503302488103 2.421609067546708
vt 0.19844096866244798 2.3876309022268805
vt 0.10432659114490817 2.3876309022268805
vt 0.11135775287572036 2.421609067546708
vt 0.11135775287572036 2.421609067546708
vt 0.10432659114490817 2.3876309022268805
vt 0 2.3876309022268805
vt 0 2.421609067546708
vt 0 2.421609067546708
vt 0 2.3876309022268805
vt -0.10432659114490805 2.3876309022268805
vt -0.11135775287572058 2.421609067546708
vt -0.11135775287572058 2.421609067546708
vt -0.10432659114490805 2.3876309022268805
vt -0.19844096866244787 2.3876309022268805
vt -0.2118150330248808 2.421609067546708
vt 0.29153838193945103 2.421609067546708
vt 0.27313056154778037 2.3876309022268805
vt 0.19844096866244798 2.3876309022268805
vt 0.21181503302488092 2.421609067546708
vt 0.21181503302488092 2.421609067546708
vt 0.19844096866244798 2.3876309022268805
vt 0.104326591144908 2.3876309022268805
vt 0.11135775287572058 2.421609067546708
vt 0.11135775287572058 2.421609067546708
vt 0.104326591144908 2.3876309022268805
vt 5.551115123125783e-17 2.3876309022268805
vt 5.551115123125783e-17 2.421609067546708
vt 5.551115123125783e-17 2.421609067546708
vt 5.551115123125783e-17 2.3876309022268805
vt -0.10432659114490794 2.3876309022268805
vt -0.11135775287572047 2.421609067546708
vt -0.11135775287572047 2.421609067546708
vt -0.10432659114490794 2.3876309022268805
vt -0.19844096866244776 2.3876309022268805
vt -0.21181503302488075 2.421609067546708
vt 0.2915383819394508 2.421609067546708
vt 0.27313056154778026 2.3876309022268805
vt 0.19844096866244787 2.3876309022268805
vt 0.2118150330248808 2.421609067546708
vt 0.2118150330248808 2.421609067546708
vt 0.19844096866244787 2.3876309022268805
vt 0.10432659114490805 2.3876309022268805
vt 0.11135775287572058 2.421609067546708
vt 0.11135775287572058 2.421609067546708
vt 0.10432659114490805 2.3876309022268805
vt 0 2.3876309022268805
vt 0 2.421609067546708
vt 0 2.3876309022268805
vt 0 2.356272757097288
vt -0.09472656250000022 2.356272757097288
vt -0.10432659114490817 2.3876309022268805
vt 0.32108423205629505 1.104326591144908
vt 0.2915383819394508 1.0947265625000002
vt 0.24799736026244307 1.1801806290637304
vt 0.27313056154778015 1.198440968662448
vt 0.27313056154778015 1.198440968662448
vt 0.24799736026244307 1.1801806290637304
vt 0.18018062906373025 1.2479973602624432
vt 0.19844096866244776 1.27313056154778
vt 0.19844096866244776 1.27313056154778
vt 0.18018062906373025 1.2479973602624432
vt 0.09472656249999994 1.2915383819394508
vt 0.10432659114490794 1.3210842320562954
vt 0.10432659114490794 2.3876309022268805
vt 0.09472656249999994 2.356272757097288
vt -5.551115123125783e-17 2.356272757097288
vt -5.551115123125783e-17 2.3876309022268805
vt -5.551115123125783e-17 2.3876309022268805
vt -5.551115123125783e-17 2.356272757097288
vt -0.09472656250000006 2.356272757097288
vt -0.104326591144908 2.3876309022268805
vt -0.104326591144908 1.3210842320562954
vt -0.09472656250000006 1.2915383819394508
vt -0.18018062906373045 1.2479973602624432
vt -0.19844096866244798 1.27313056154778
vt -0.19844096866244798 1.27313056154778
vt -0.18018062906373045 1.2479973602624432
vt -0.24799736026244323 1.1801806290637304
vt -0.27313056154778037 1.198440968662448
vt -0.27313056154778037 1.198440968662448
vt -0.24799736026244323 1.1801806290637304
vt -0.29153838193945103 1.0947265625000002
vt -0.3210842320562952 1.104326591144908
vt 0.10432659114490817 2.3876309022268805
vt 0.09472656250000022 2.356272757097288
vt 0 2.356272757097288
vt 0 2.3876309022268805
vt 0 2.3876309022268805
vt 0 2.356272757097288
vt -0.0947265625 2.356272757097288
vt -0.10432659114490805 2.3876309022268805
vt -0.3210842320562952 0.895673408855092
vt -0.29153838193945103 0.9052734375
vt -0.24799736026244323 0.8198193709362697
vt -0.27313056154778037 0.8015590313375521
vt -0.27313056154778037 0.8015590313375521
vt -0.24799736026244323 0.8198193709362697
vt -0.18018062906373045 0.7520026397375569
vt -0.19844096866244798 0.7268694384522197
vt -0.19844096866244798 0.7268694384522197
vt -0.18018062906373045 0.7520026397375569
vt -0.09472656250000006 0.7084616180605492
vt -0.104326591144908 0.6789157679437049
vt 0.104326591144908 2.3876309022268805
vt 0.09472656250000006 2.356272757097288
vt 5.551115123125783e-17 2.356272757097288
vt 5.551115123125783e-17 2.3876309022268805
vt 5.551115123125783e-17 2.3876309022268805
vt 5.551115123125783e-17 2.356272757097288
vt -0.09472656249999994 2.356272757097288
vt -0.10432659114490794 2.3876309022268805
vt 0.10432659114490794 0.6789157679437049
vt 0.09472656249999994 0.7084616180605492
vt 0.18018062906373025 0.7520026397375569
vt 0.19844096866244776 0.7268694384522197
vt 0.19844096866244776 0.7268694384522197
vt 0.18018062906373025 0.7520026397375569
vt 0.24799736026244307 0.8198193709362697
vt 0.27313056154778015 0.8015590313375521
vt 0.27313056154778015 0.8015590313375521
vt 0.24799736026244307 0.8198193709362697
vt 0.2915383819394508 0.9052734375
vt 0.32108423205629505 0.895673408855092
vt 0.10432659114490805 2.3876309022268805
vt 0.0947265625 2.356272757097288
vt 0 2.356272757097288
vt 0 2.3876309022268805
vt 0.30654159552488075 1
vt 0.2679271788089674 1
vt 0.2548138892988409 1.0827940515069034
vt 0.2915383819394508 1.0947265625000002
vt 0.2915383819394508 1.0947265625000002
vt 0.2548138892988409 1.0827940515069034
vt 0.21675764091138705 1.1574836443922354
vt 0.24799736026244307 1.1801806290637304
vt 0.24799736026244307 1.1801806290637304
vt 0.21675764091138705 1.1574836443922354
vt 0.1574836443922356 1.2167576409113872
vt 0.18018062906373025 1.2479973602624432
vt 0.18018062906373025 1.2479973602624432
vt 0.1574836443922356 1.2167576409113872
vt 0.08279405150690322 1.254813889298841
vt 0.09472656249999994 1.2915383819394508
vt 0.09472656249999994 1.2915383819394508
vt 0.08279405150690322 1.254813889298841
vt -5.551115123125783e-17 1.2679271788089677
vt -5.551115123125783e-17 1.3065415955248807
vt -5.551115123125783e-17 1.3065415955248807
vt -5.551115123125783e-17 1.2679271788089677
vt -0.08279405150690339 1.254813889298841
vt -0.09472656250000006 1.2915383819394508
vt -0.09472656250000006 1.2915383819394508
vt -0.08279405150690339 1.254813889298841
vt -0.15748364439223583 1.2167576409113872
vt -0.18018062906373045 1.2479973602624432
vt -0.18018062906373045 1.2479973602624432
vt -0.15748364439223583 1.2167576409113872
vt -0.21675764091138716 1.1574836443922412
vt -0.24799736026244323 1.1801806290637304
vt -0.24799736026244323 1.1801806290637304
vt -0.21675764091138716 1.1574836443922412
vt -0.25481388929884097 1.0827940515069034
vt -0.29153838193945103 1.0947265625000002
vt -0.29153838193945103 1.0947265625000002
vt -0.25481388929884097 1.0827940515069034
vt -0.26792717880896744 1
vt -0.3065415955248809 1
vt -0.3065415955248809 1
vt -0.26792717880896744 1
vt -0.25481388929884097 0.9172059484930967
vt -0.29153838193945103 0.9052734375
vt -0.29153838193945103 0.9052734375
vt -0.25481388929884097 0.9172059484930967
vt -0.21675764091138716 0.8425163556077644
vt -0.24799736026244323 0.8198193709362697
vt -0.24799736026244323 0.8198193709362697
vt -0.21675764091138716 0.8425163556077644
vt -0.15748364439224116 0.7832423590886128
vt -0.18018062906373045 0.7520026397375569
vt -0.18018062906373045 0.7520026397375569
vt -0.15748364439224116 0.7832423590886128
vt -0.08279405150690339 0.745186110701159
vt -0.09472656250000006 0.7084616180605492
vt -0.09472656250000006 0.7084616180605492
vt -0.08279405150690339 0.745186110701159
vt -5.551115123125783e-17 0.7320728211910326
vt -5.551115123125783e-17 0.6934584044751192
vt -5.551115123125783e-17 0.6934584044751192
vt -5.551115123125783e-17 0.7320728211910326
vt 0.08279405150690322 0.745186110701159
vt 0.09472656249999994 0.7084616180605492
vt 0.09472656249999994 0.7084616180605492
vt 0.08279405150690322 0.745186110701159
vt 0.1574836443922356 0.7832423590886128
vt 0.18018062906373025 0.7520026397375569
vt 0.18018062906373025 0.7520026397375569
vt 0.1574836443922356 0.7832423590886128
vt 0.21675764091138705 0.8425163556077591
vt 0.24799736026244307 0.8198193709362697
vt 0.24799736026244307 0.8198193709362697
vt 0.21675764091138705 0.8425163556077591
vt 0.2548138892988409 0.9172059484930967
vt 0.2915383819394508 0.9052734375
vt 0.2915383819394508 0.9052734375
vt 0.2548138892988409 0.9172059484930967
vt 0.2679271788089674 1
vt 0.30654159552488075 1
vt 0.2679271788089674 1
vt 0.22271550575144639 1
vt 0.21181503302488075 1.0688228761880096
vt 0.2548138892988409 1.0827940515069034
vt 0.2548138892988409 1.0827940515069034
vt 0.21181503302488075 1.0688228761880096
vt 0.18018062906373025 1.130908889737557
vt 0.21675764091138705 1.1574836443922354
vt 0.21675764091138705 1.1574836443922354
vt 0.18018062906373025 1.130908889737557
vt 0.13090888973755693 1.1801806290637304
vt 0.1574836443922356 1.2167576409113872
vt 0.1574836443922356 1.2167576409113872
vt 0.13090888973755693 1.1801806290637304
vt 0.0688228761880097 1.2118150330248811
vt 0.08279405150690322 1.254813889298841
vt 0.08279405150690322 1.254813889298841
vt 0.0688228761880097 1.2118150330248811
vt -5.551115123125783e-17 1.2227155057514465
vt -5.551115123125783e-17 1.2679271788089677
vt -5.551115123125783e-17 1.2679271788089677
vt -5.551115123125783e-17 1.2227155057514465
vt -0.06882287618800986 1.2118150330248811
vt -0.08279405150690339 1.254813889298841
vt -0.08279405150690339 1.254813889298841
vt -0.06882287618800986 1.2118150330248811
vt -0.130908889737557 1.1801806290637304
vt -0.15748364439223583 1.2167576409113872
vt -0.15748364439223583 1.2167576409113872
vt -0.130908889737557 1.1801806290637304
vt -0.18018062906373045 1.130908889737557
vt -0.21675764091138716 1.1574836443922412
vt -0.21675764091138716 1.1574836443922412
vt -0.18018062906373045 1.130908889737557
vt -0.21181503302488092 1.0688228761880096
vt -0.25481388929884097 1.0827940515069034
vt -0.25481388929884097 1.0827940515069034
vt -0.21181503302488092 1.0688228761880096
vt -0.2227155057514465 1
vt -0.26792717880896744 1
vt -0.26792717880896744 1
vt -0.2227155057514465 1
vt -0.21181503302488092 0.9311771238119901
vt -0.25481388929884097 0.9172059484930967
vt -0.25481388929884097 0.9172059484930967
vt -0.21181503302488092 0.9311771238119901
vt -0.18018062906373045 0.869091110262443
vt -0.21675764091138716 0.8425163556077644
vt -0.21675764091138716 0.8425163556077644
vt -0.18018062906373045 0.869091110262443
vt -0.130908889737557 0.8198193709362697
vt -0.15748364439224116 0.7832423590886128
vt -0.15748364439224116 0.7832423590886128
vt -0.130908889737557 0.8198193709362697
vt -0.06882287618800986 0.7881849669751192
vt -0.08279405150690339 0.745186110701159
vt -0.08279405150690339 0.745186110701159
vt -0.06882287618800986 0.7881849669751192
vt -5.551115123125783e-17 0.7772844942485535
vt -5.551115123125783e-17 0.7320728211910326
vt -5.551115123125783e-17 0.7320728211910326
vt -5.551115123125783e-17 0.7772844942485535
vt 0.0688228761880097 0.7881849669751192
vt 0.08279405150690322 0.745186110701159
vt 0.08279405150690322 0.745186110701159
vt 0.0688228761880097 0.7881849669751192
vt 0.13090888973755693 0.8198193709362697
vt 0.1574836443922356 0.7832423590886128
vt 0.1574836443922356 0.7832423590886128
vt 0.13090888973755693 0.8198193709362697
vt 0.18018062906373025 0.869091110262443
vt 0.21675764091138705 0.8425163556077591
vt 0.21675764091138705 0.8425163556077591
vt 0.18018062906373025 0.869091110262443
vt 0.21181503302488075 0.9311771238119901
vt 0.2548138892988409 0.9172059484930967
vt 0.2548138892988409 0.9172059484930967
vt 0.21181503302488075 0.9311771238119901
vt 0.22271550575144639 1
vt 0.2679271788089674 1
vt 0.22271550575144639 1
vt 0.1720198377919376 1
vt 0.1636005876640594 1.0531570532473329
vt 0.21181503302488075 1.0688228761880096
vt 0.21181503302488075 1.0688228761880096
vt 0.1636005876640594 1.0531570532473329
vt 0.13916697214330165 1.1011107237558426
vt 0.18018062906373025 1.130908889737557
vt 0.18018062906373025 1.130908889737557
vt 0.13916697214330165 1.1011107237558426
vt 0.10111072375584251 1.1391669721433018
vt 0.13090888973755693 1.1801806290637304
vt 0.13090888973755693 1.1801806290637304
vt 0.10111072375584251 1.1391669721433018
vt 0.05315705324733294 1.1636005876640594
vt 0.0688228761880097 1.2118150330248811
vt 0.0688228761880097 1.2118150330248811
vt 0.05315705324733294 1.1636005876640594
vt -5.551115123125783e-17 1.1720198377919377
vt -5.551115123125783e-17 1.2227155057514465
vt -5.551115123125783e-17 1.2227155057514465
vt -5.551115123125783e-17 1.1720198377919377
vt -0.05315705324733305 1.1636005876640594
vt -0.06882287618800986 1.2118150330248811
vt -0.06882287618800986 1.2118150330248811
vt -0.05315705324733305 1.1636005876640594
vt -0.10111072375584262 1.1391669721433018
vt -0.130908889737557 1.1801806290637304
vt -0.130908889737557 1.1801806290637304
vt -0.10111072375584262 1.1391669721433018
vt -0.13916697214330176 1.1011107237558426
vt -0.18018062906373045 1.130908889737557
vt -0.18018062906373045 1.130908889737557
vt -0.13916697214330176 1.1011107237558426
vt -0.1636005876640596 1.0531570532473329
vt -0.21181503302488092 1.0688228761880096
vt -0.21181503302488092 1.0688228761880096
vt -0.1636005876640596 1.0531570532473329
vt -0.17201983779193775 1
vt -0.2227155057514465 1
vt -0.2227155057514465 1
vt -0.17201983779193775 1
vt -0.1636005876640596 0.946842946752667
vt -0.21181503302488092 0.9311771238119901
vt -0.21181503302488092 0.9311771238119901
vt -0.1636005876640596 0.946842946752667
vt -0.13916697214330176 0.8988892762441574
vt -0.18018062906373045 0.869091110262443
vt -0.18018062906373045 0.869091110262443
vt -0.13916697214330176 0.8988892762441574
vt -0.10111072375584262 0.8608330278566982
vt -0.130908889737557 0.8198193709362697
vt -0.130908889737557 0.8198193709362697
vt -0.10111072375584262 0.8608330278566982
vt -0.05315705324733305 0.8363994123359405
vt -0.06882287618800986 0.7881849669751192
vt -0.06882287618800986 0.7881849669751192
vt -0.05315705324733305 0.8363994123359405
vt -5.551115123125783e-17 0.8279801622080623
vt -5.551115123125783e-17 0.7772844942485535
vt -5.551115123125783e-17 0.7772844942485535
vt -5.551115123125783e-17 0.8279801622080623
vt 0.05315705324733294 0.8363994123359405
vt 0.0688228761880097 0.7881849669751192
vt 0.0688228761880097 0.7881849669751192
vt 0.05315705324733294 0.8363994123359405
vt 0.10111072375584251 0.8608330278566982
vt 0.13090888973755693 0.8198193709362697
vt 0.13090888973755693 0.8198193709362697
vt 0.10111072375584251 0.8608330278566982
vt 0.13916697214330165 0.8988892762441574
vt 0.18018062906373025 0.869091110262443
vt 0.18018062906373025 0.869091110262443
vt 0.13916697214330165 0.8988892762441574
vt 0.1636005876640594 0.946842946752667
vt 0.21181503302488075 0.9311771238119901
vt 0.21181503302488075 0.9311771238119901
vt 0.1636005876640594 0.946842946752667
vt 0.1720198377919376 1
vt 0.22271550575144639 1
vt 0.1720198377919376 1
vt 0.1170884705248807 1
vt 0.11135775287572047 1.0361823272375568
vt 0.1636005876640594 1.0531570532473329
vt 0.1636005876640594 1.0531570532473329
vt 0.11135775287572047 1.0361823272375568
vt 0.09472656249999994 1.0688228761880096
vt 0.13916697214330165 1.1011107237558426
vt 0.13916697214330165 1.1011107237558426
vt 0.09472656249999994 1.0688228761880096
vt 0.0688228761880097 1.0947265625000002
vt 0.10111072375584251 1.1391669721433018
vt 0.10111072375584251 1.1391669721433018
vt 0.0688228761880097 1.0947265625000002
vt 0.03618232723755693 1.1113577528757204
vt 0.05315705324733294 1.1636005876640594
vt 0.05315705324733294 1.1636005876640594
vt 0.03618232723755693 1.1113577528757204
vt -5.551115123125783e-17 1.1170884705248807
vt -5.551115123125783e-17 1.1720198377919377
vt -5.551115123125783e-17 1.1720198377919377
vt -5.551115123125783e-17 1.1170884705248807
vt -0.036182327237557044 1.1113577528757204
vt -0.05315705324733305 1.1636005876640594
vt -0.05315705324733305 1.1636005876640594
vt -0.036182327237557044 1.1113577528757204
vt -0.06882287618800986 1.0947265625000002
vt -0.10111072375584262 1.1391669721433018
vt -0.10111072375584262 1.1391669721433018
vt -0.06882287618800986 1.0947265625000002
vt -0.09472656250000006 1.0688228761880096
vt -0.13916697214330176 1.1011107237558426
vt -0.13916697214330176 1.1011107237558426
vt -0.09472656250000006 1.0688228761880096
vt -0.11135775287572058 1.0361823272375568
vt -0.1636005876640596 1.0531570532473329
vt -0.1636005876640596 1.0531570532473329
vt -0.11135775287572058 1.0361823272375568
vt -0.11708847052488092 1
vt -0.17201983779193775 1
vt -0.17201983779193775 1
vt -0.11708847052488092 1
vt -0.11135775287572058 0.963817672762443
vt -0.1636005876640596 0.946842946752667
vt -0.1636005876640596 0.946842946752667
vt -0.11135775287572058 0.963817672762443
vt -0.09472656250000006 0.9311771238119901
vt -0.13916697214330176 0.8988892762441574
vt -0.13916697214330176 0.8988892762441574
vt -0.09472656250000006 0.9311771238119901
vt -0.06882287618800986 0.9052734375
vt -0.10111072375584262 0.8608330278566982
vt -0.10111072375584262 0.8608330278566982
vt -0.06882287618800986 0.9052734375
vt -0.036182327237557044 0.8886422471242794
vt -0.05315705324733305 0.8363994123359405
vt -0.05315705324733305 0.8363994123359405
vt -0.036182327237557044 0.8886422471242794
vt -5.551115123125783e-17 0.8829115294751192
vt -5.551115123125783e-17 0.8279801622080623
vt -5.551115123125783e-17 0.8279801622080623
vt -5.551115123125783e-17 0.8829115294751192
vt 0.03618232723755693 0.8886422471242794
vt 0.05315705324733294 0.8363994123359405
vt 0.05315705324733294 0.8363994123359405
vt 0.03618232723755693 0.8886422471242794
vt 0.0688228761880097 0.9052734375
vt 0.10111072375584251 0.8608330278566982
vt 0.10111072375584251 0.8608330278566982
vt 0.0688228761880097 0.9052734375
vt 0.09472656249999994 0.9311771238119901
vt 0.13916697214330165 0.8988892762441574
vt 0.13916697214330165 0.8988892762441574
vt 0.09472656249999994 0.9311771238119901
vt 0.11135775287572047 0.963817672762443
vt 0.1636005876640594 0.946842946752667
vt 0.1636005876640594 0.946842946752667
vt 0.11135775287572047 0.963817672762443
vt 0.1170884705248807 1
vt 0.1720198377919376 1
vt 0.1170884705248807 1
vt 0.059273996519151384 1
vt 0.05637292063639304 1.0183166722489392
vt 0.11135775287572047 1.0361823272375568
vt 0.11135775287572047 1.0361823272375568
vt 0.05637292063639304 1.0183166722489392
vt 0.047953670508514845 1.034840380998394
vt 0.09472656249999994 1.0688228761880096
vt 0.09472656249999994 1.0688228761880096
vt 0.047953670508514845 1.034840380998394
vt 0.03484038099839365 1.0479536705085148
vt 0.0688228761880097 1.0947265625000002
vt 0.0688228761880097 1.0947265625000002
vt 0.03484038099839365 1.0479536705085148
vt 0.01831667224893918 1.0563729206363934
vt 0.03618232723755693 1.1113577528757204
vt 0.03618232723755693 1.1113577528757204
vt 0.01831667224893918 1.0563729206363934
vt -5.551115123125783e-17 1.0592739965191513
vt -5.551115123125783e-17 1.1170884705248807
vt -5.551115123125783e-17 1.1170884705248807
vt -5.551115123125783e-17 1.0592739965191513
vt -0.018316672248939347 1.0563729206363934
vt -0.036182327237557044 1.1113577528757204
vt -0.036182327237557044 1.1113577528757204
vt -0.018316672248939347 1.0563729206363934
vt -0.03484038099839376 1.0479536705085148
vt -0.06882287618800986 1.0947265625000002
vt -0.06882287618800986 1.0947265625000002
vt -0.03484038099839376 1.0479536705085148
vt -0.047953670508514956 1.034840380998394
vt -0.09472656250000006 1.0688228761880096
vt -0.09472656250000006 1.0688228761880096
vt -0.047953670508514956 1.034840380998394
vt -0.05637292063639315 1.0183166722489392
vt -0.11135775287572058 1.0361823272375568
vt -0.11135775287572058 1.0361823272375568
vt -0.05637292063639315 1.0183166722489392
vt -0.059273996519151495 1
vt -0.11708847052488092 1
vt -0.11708847052488092 1
vt -0.059273996519151495 1
vt -0.05637292063639315 0.9816833277510607
vt -0.11135775287572058 0.963817672762443
vt -0.11135775287572058 0.963817672762443
vt -0.05637292063639315 0.9816833277510607
vt -0.047953670508514956 0.9651596190016063
vt -0.09472656250000006 0.9311771238119901
vt -0.09472656250000006 0.9311771238119901
vt -0.047953670508514956 0.9651596190016063
vt -0.03484038099839376 0.9520463294914852
vt -0.06882287618800986 0.9052734375
vt -0.06882287618800986 0.9052734375
vt -0.03484038099839376 0.9520463294914852
vt -0.018316672248939347 0.9436270793636069
vt -0.036182327237557044 0.8886422471242794
vt -0.036182327237557044 0.8886422471242794
vt -0.018316672248939347 0.9436270793636069
vt -5.551115123125783e-17 0.9407260034808486
vt -5.551115123125783e-17 0.8829115294751192
vt -5.551115123125783e-17 0.8829115294751192
vt -5.551115123125783e-17 0.9407260034808486
vt 0.01831667224893918 0.9436270793636069
vt 0.03618232723755693 0.8886422471242794
vt 0.03618232723755693 0.8886422471242794
vt 0.01831667224893918 0.9436270793636069
vt 0.03484038099839365 0.9520463294914852
vt 0.0688228761880097 0.9052734375
vt 0.0688228761880097 0.9052734375
vt 0.03484038099839365 0.9520463294914852
vt 0.047953670508514845 0.9651596190016063
vt 0.09472656249999994 0.9311771238119901
vt 0.09472656249999994 0.9311771238119901
vt 0.047953670508514845 0.9651596190016063
vt 0.05637292063639304 0.9816833277510607
vt 0.11135775287572047 0.963817672762443
vt 0.11135775287572047 0.963817672762443
vt 0.05637292063639304 0.9816833277510607
vt 0.059273996519151384 1
vt 0.1170884705248807 1
vt 0.059273996519151384 1
vt 0.05637292063639304 0.9816833277510608
vt -5.551115123125783e-17 1
vt 0.05637292063639304 0.9816833277510608
vt 0.047953670508514845 0.9651596190016061
vt -5.551115123125783e-17 1
vt 0.047953670508514845 0.9651596190016061
vt 0.03484038099839365 0.9520463294914852
vt -5.551115123125783e-17 1
vt 0.03484038099839365 0.9520463294914852
vt 0.01831667224893918 0.9436270793636067
vt -5.551115123125783e-17 1
vt 0.01831667224893918 0.9436270793636067
vt -5.551115123125783e-17 0.9407260034808487
vt -5.551115123125783e-17 1
vt -5.551115123125783e-17 0.9407260034808487
vt -0.018316672248939347 0.9436270793636067
vt -5.551115123125783e-17 1
vt -0.018316672248939347 0.9436270793636067
vt -0.03484038099839376 0.9520463294914852
vt -5.551115123125783e-17 1
vt -0.03484038099839376 0.9520463294914852
vt -0.047953670508514956 0.9651596190016061
vt -5.551115123125783e-17 1
vt -0.047953670508514956 0.9651596190016061
vt -0.05637292063639315 0.9816833277510608
vt -5.551115123125783e-17 1
vt -0.05637292063639315 0.9816833277510608
vt -0.059273996519151495 1
vt -5.551115123125783e-17 1
vt -0.059273996519151495 1
vt -0.05637292063639315 1.0183166722489392
vt -5.551115123125783e-17 1
vt -0.05637292063639315 1.0183166722489392
vt -0.047953670508514956 1.0348403809983937
vt -5.551115123125783e-17 1
vt -0.047953670508514956 1.0348403809983937
vt -0.03484038099839376 1.0479536705085148
vt -5.551115123125783e-17 1
vt -0.03484038099839376 1.0479536705085148
vt -0.018316672248939347 1.056372920636393
vt -5.551115123125783e-17 1
vt -0.018316672248939347 1.056372920636393
vt -5.551115123125783e-17 1.0592739965191513
vt -5.551115123125783e-17 1
vt -5.551115123125783e-17 1.0592739965191513
vt 0.01831667224893918 1.056372920636393
vt -5.551115123125783e-17 1
vt 0.01831667224893918 1.056372920636393
vt 0.03484038099839365 1.0479536705085148
vt -5.551115123125783e-17 1
vt 0.03484038099839365 1.0479536705085148
vt 0.047953670508514845 1.0348403809983937
vt -5.551115123125783e-17 1
vt 0.047953670508514845 1.0348403809983937
vt 0.05637292063639304 1.0183166722489392
vt -5.551115123125783e-17 1
vt 0.05637292063639304 1.0183166722489392
vt 0.059273996519151384 1
vt -5.551115123125783e-17 1
vt 0.059273996519151384 1
vt -5.551115123125783e-17 1
vt 0.05637292063639304 1.0183166722489392
vt 0.05637292063639304 1.0183166722489392
vt -5.551115123125783e-17 1
vt 0.047953670508514845 1.034840380998394
vt 0.047953670508514845 1.034840380998394
vt -5.551115123125783e-17 1
vt 0.03484038099839365 1.0479536705085148
vt 0.03484038099839365 1.0479536705085148
vt -5.551115123125783e-17 1
vt 0.01831667224893918 1.0563729206363934
vt 0.01831667224893918 1.0563729206363934
vt -5.551115123125783e-17 1
vt -5.551115123125783e-17 1.0592739965191513
vt -5.551115123125783e-17 1.0592739965191513
vt -5.551115123125783e-17 1
vt -0.018316672248939347 1.0563729206363934
vt -0.018316672248939347 1.0563729206363934
vt -5.551115123125783e-17 1
vt -0.03484038099839376 1.0479536705085148
vt -0.03484038099839376 1.0479536705085148
vt -5.551115123125783e-17 1
vt -0.047953670508514956 1.034840380998394
vt -0.047953670508514956 1.034840380998394
vt -5.551115123125783e-17 1
vt -0.05637292063639315 1.0183166722489392
vt -0.05637292063639315 1.0183166722489392
vt -5.551115123125783e-17 1
vt -0.059273996519151495 1
vt -0.059273996519151495 1
vt -5.551115123125783e-17 1
vt -0.05637292063639315 0.9816833277510607
vt -0.05637292063639315 0.9816833277510607
vt -5.551115123125783e-17 1
vt -0.047953670508514956 0.9651596190016063
vt -0.047953670508514956 0.9651596190016063
vt -5.551115123125783e-17 1
vt -0.03484038099839376 0.9520463294914852
vt -0.03484038099839376 0.9520463294914852
vt -5.551115123125783e-17 1
vt -0.018316672248939347 0.9436270793636069
vt -0.018316672248939347 0.9436270793636069
vt -5.551115123125783e-17 1
vt -5.551115123125783e-17 0.9407260034808486
vt -5.551115123125783e-17 0.9407260034808486
vt -5.551115123125783e-17 1
vt 0.01831667224893918 0.9436270793636069
vt 0.01831667224893918 0.9436270793636069
vt -5.551115123125783e-17 1
vt 0.03484038099839365 0.9520463294914852
vt 0.03484038099839365 0.9520463294914852
vt -5.551115123125783e-17 1
vt 0.047953670508514845 0.9651596190016063
vt 0.047953670508514845 0.9651596190016063
vt -5.551115123125783e-17 1
vt 0.05637292063639304 0.9816833277510607
vt 0.05637292063639304 0.9816833277510607
vt -5.551115123125783e-17 1
vt 0.059273996519151384 1
# 1560 uvs
vn 0.09773708455168897 0.9938362818943426 4.640385298237959e-17
vn 0.19742882781580218 0.9784234299635212 5.724587470723463e-17
vn 0.18776597319873484 0.978423429963521 0.06100886297460696
vn 0.09295349114657672 0.9938362818943425 0.0302024201071384
vn 0.1597232768825142 0.97842342996352 0.11604575336751724
vn 0.07907096238297934 0.9938362818943427 0.05744841690153811
vn 0.1160457533675161 0.9784234299635202 0.15972327688251414
vn 0.05744841690153979 0.9938362818943428 0.07907096238297674
vn 0.06100886297460396 0.9784234299635212 0.1877659731987354
vn 0.03020242010713114 0.9938362818943428 0.09295349114657571
vn 5.204170427930421e-18 0.9784234299635209 0.1974288278158024
vn 1.3444106938820255e-17 0.9938362818943429 0.09773708455168428
vn -0.06100886297460394 0.9784234299635212 0.18776597319873464
vn -0.03020242010713114 0.9938362818943428 0.09295349114657565
vn -0.11604575336751616 0.9784234299635207 0.15972327688251114
vn -0.057448416901539845 0.9938362818943433 0.07907096238297409
vn -0.15972327688251414 0.9784234299635204 0.11604575336751644
vn -0.07907096238297935 0.993836281894343 0.05744841690153598
vn -0.18776597319873467 0.978423429963521 0.06100886297460473
vn -0.09295349114657667 0.9938362818943425 0.030202420107136203
vn -0.19742882781580215 0.9784234299635213 5.724587470723463e-17
vn -0.09773708455168889 0.9938362818943426 4.5536491244391186e-17
vn -0.1877659731987347 0.9784234299635212 -0.06100886297460349
vn -0.09295349114657653 0.9938362818943426 -0.030202420107136346
vn -0.15972327688251392 0.9784234299635202 -0.11604575336751713
vn -0.07907096238297923 0.9938362818943429 -0.057448416901537194
vn -0.11604575336751628 0.9784234299635202 -0.15972327688251464
vn -0.05744841690153983 0.9938362818943429 -0.07907096238297669
vn -0.06100886297460423 0.9784234299635208 -0.18776597319873609
vn -0.03020242010713146 0.9938362818943427 -0.0929534911465765
vn 8.673617379884035e-18 0.9784234299635209 -0.19742882781580248
vn 9.107298248878237e-18 0.9938362818943429 -0.09773708455168392
vn 0.06100886297460424 0.978423429963521 -0.1877659731987351
vn 0.030202420107131468 0.9938362818943428 -0.09295349114657547
vn 0.1160457533675163 0.9784234299635206 -0.1597232768825116
vn 0.057448416901539845 0.9938362818943431 -0.079070962382974
vn 0.15972327688251392 0.9784234299635204 -0.11604575336751671
vn 0.07907096238297923 0.993836281894343 -0.05744841690153612
vn 0.18776597319873473 0.9784234299635209 -0.06100886297460842
vn 0.09295349114657654 0.9938362818943425 -0.03020242010713853
vn 0.3009458988629541 0.9507847287014437 -1.0061396160665481e-15
vn 0.2862165581659171 0.9507847287014428 0.09299739713609764
vn 0.24347034656758032 0.9507847287014415 0.17689156108955023
vn 0.17689156108955126 0.950784728701442 0.2434703465675778
vn 0.09299739713609737 0.9507847287014435 0.2862165581659159
vn 1.734723475976807e-18 0.9507847287014441 0.3009458988629536
vn -0.09299739713609728 0.9507847287014429 0.2862165581659169
vn -0.17689156108955112 0.9507847287014415 0.24347034656757907
vn -0.2434703465675802 0.9507847287014414 0.1768915610895515
vn -0.28621655816591707 0.9507847287014427 0.0929973971360976
vn -0.3009458988629542 0.9507847287014439 3.8163916471489756e-17
vn -0.2862165581659172 0.950784728701443 -0.09299739713609526
vn -0.24347034656758015 0.9507847287014417 -0.17689156108954962
vn -0.1768915610895515 0.9507847287014415 -0.24347034656757943
vn -0.09299739713609764 0.9507847287014428 -0.2862165581659174
vn 1.0408340855860843e-17 0.9507847287014439 -0.3009458988629544
vn 0.09299739713609761 0.9507847287014427 -0.2862165581659177
vn 0.17689156108955145 0.9507847287014415 -0.24347034656757954
vn 0.2434703465675802 0.9507847287014415 -0.17689156108955084
vn 0.2862165581659172 0.9507847287014428 -0.09299739713609906
vn 0.4098652764632975 0.9076963322809429 -1.033895191682177e-15
vn 0.3898050419835393 0.90769633228094 0.12665533583135707
vn 0.3315879740630027 0.9076963322809385 0.2409127649319116
vn 0.24091276493191058 0.907696332280939 0.33158797406300167
vn 0.12665533583135513 0.9076963322809414 0.389805041983537
vn 7.979727989493313e-17 0.9076963322809442 0.40986527646329507
vn -0.12665533583135496 0.9076963322809403 0.3898050419835395
vn -0.24091276493191033 0.9076963322809385 0.3315879740630027
vn -0.3315879740630029 0.9076963322809386 0.2409127649319107
vn -0.3898050419835397 0.9076963322809402 0.12665533583135546
vn -0.4098652764632979 0.9076963322809429 -3.469446951953614e-18
vn -0.3898050419835398 0.9076963322809404 -0.1266553358313535
vn -0.3315879740630025 0.9076963322809389 -0.24091276493190908
vn -0.24091276493190994 0.9076963322809386 -0.3315879740630031
vn -0.12665533583135516 0.9076963322809403 -0.3898050419835396
vn 4.5102810375396984e-17 0.9076963322809435 -0.40986527646329635
vn 0.12665533583135524 0.9076963322809406 -0.3898050419835389
vn 0.2409127649319054 0.9076963322809408 -0.33158797406300183
vn 0.3315879740629964 0.9076963322809422 -0.24091276493190628
vn 0.38980504198353805 0.9076963322809417 -0.1266553358313534
vn 0.5249460264817949 0.8441082459580858 3.5041414214731503e-16
vn 0.4992533391887557 0.8441082459580918 0.16221724331248155
vn 0.4246902565533629 0.8441082459581013 0.3085555326155195
vn 0.30855553261551993 0.8441082459581005 0.42469025655336323
vn 0.1622172433124796 0.8441082459580911 0.49925333918875725
vn 6.938893903907228e-17 0.8441082459580851 0.5249460264817956
vn -0.16221724331247966 0.844108245958091 0.4992533391887572
vn -0.3085555326155199 0.844108245958101 0.42469025655336223
vn -0.4246902565533626 0.8441082459581013 0.3085555326155196
vn -0.49925333918875536 0.8441082459580922 0.1622172433124801
vn -0.5249460264817944 0.8441082459580863 -6.245004513516506e-17
vn -0.4992533391887558 0.8441082459580921 -0.16221724331247955
vn -0.42469025655336273 0.8441082459581006 -0.30855553261552016
vn -0.3085555326155196 0.8441082459581005 -0.4246902565533635
vn -0.1622172433124796 0.8441082459580911 -0.49925333918875725
vn 3.469446951953614e-17 0.8441082459580849 -0.5249460264817964
vn 0.1622172433124795 0.8441082459580908 -0.4992533391887575
vn 0.30855553261551605 0.8441082459580987 -0.4246902565533683
vn 0.4246902565533619 0.8441082459580986 -0.3085555326155206
vn 0.4992533391887586 0.8441082459580909 -0.16221724331247675
vn 0.6449985428861595 0.7529060134189809 2.8102520310824275e-16
vn 0.6134300672127629 0.7529060134189793 0.199315511098903
vn 0.5218147825419854 0.7529060134189728 0.3791206312586165
vn 0.3791206312586166 0.7529060134189718 0.521814782541987
vn 0.19931551109890325 0.7529060134189784 0.6134300672127643
vn 1.249000902703301e-16 0.752906013418981 0.64499854288616
vn -0.19931551109890322 0.7529060134189782 0.6134300672127642
vn -0.3791206312586166 0.7529060134189721 0.5218147825419863
vn -0.5218147825419851 0.7529060134189728 0.37912063125861695
vn -0.6134300672127626 0.7529060134189796 0.19931551109890286
vn -0.6449985428861589 0.7529060134189817 3.2612801348363973e-16
vn -0.6134300672127626 0.7529060134189794 -0.19931551109890283
vn -0.5218147825419857 0.7529060134189731 -0.37912063125861656
vn -0.3791206312586166 0.7529060134189728 -0.5218147825419857
vn -0.19931551109890305 0.7529060134189784 -0.6134300672127642
vn 7.28583859910259e-17 0.7529060134189808 -0.6449985428861602
vn 0.19931551109890291 0.7529060134189781 -0.6134300672127649
vn 0.3791206312586175 0.7529060134189682 -0.5218147825419929
vn 0.5218147825419908 0.7529060134189671 -0.3791206312586214
vn 0.613430067212767 0.7529060134189766 -0.19931551109890225
vn 0.7648763852884444 0.6255181937783779 -2.7755575615628914e-17
vn 0.727440670388865 0.625518193778368 0.23635980165021864
vn 0.6187979942944514 0.625518193778348 0.4495830590993448
vn 0.44958305909934426 0.6255181937783489 0.6187979942944519
vn 0.23635980165021925 0.6255181937783698 0.7274406703888628
vn 3.469446951953614e-17 0.6255181937783794 0.7648763852884432
vn -0.2363598016502187 0.6255181937783688 0.7274406703888641
vn -0.44958305909934365 0.6255181937783487 0.6187979942944524
vn -0.6187979942944515 0.6255181937783483 0.4495830590993442
vn -0.7274406703888655 0.6255181937783675 0.23635980165021836
vn -0.7648763852884446 0.6255181937783774 2.0816681711721685e-17
vn -0.7274406703888648 0.625518193778368 -0.23635980165021836
vn -0.6187979942944517 0.6255181937783486 -0.44958305909934326
vn -0.4495830590993435 0.6255181937783485 -0.6187979942944519
vn -0.23635980165021886 0.6255181937783685 -0.7274406703888646
vn -1.3183898417423734e-16 0.6255181937783786 -0.7648763852884435
vn 0.23635980165021903 0.6255181937783683 -0.7274406703888644
vn 0.4495830590993438 0.6255181937783483 -0.6187979942944521
vn 0.6187979942944519 0.6255181937783483 -0.449583059099344
vn 0.727440670388865 0.6255181937783679 -0.23635980165021883
vn 0.8730242134365427 0.45480222033362644 2.8449465006019636e-16
vn 0.8302953670722699 0.45480222033362916 0.26977931845272
vn 0.7062914251709766 0.45480222033363604 0.5131507575522436
vn 0.5131507575522433 0.4548022203336365 0.7062914251709774
vn 0.2697793184527211 0.4548022203336285 0.8302953670722688
vn -7.632783294297951e-17 0.4548022203336243 0.8730242134365438
vn -0.2697793184527205 0.45480222033362777 0.8302953670722696
vn -0.5131507575522432 0.45480222033363527 0.7062914251709779
vn -0.7062914251709775 0.45480222033363477 0.5131507575522437
vn -0.8302953670722705 0.45480222033362727 0.26977931845272035
vn -0.8730242134365436 0.4548022203336245 -3.0531133177191805e-16
vn -0.83029536707227 0.4548022203336271 -0.2697793184527211
vn -0.7062914251709781 0.45480222033363377 -0.5131507575522439
vn -0.5131507575522437 0.45480222033363493 -0.7062914251709778
vn -0.26977931845272085 0.45480222033362977 -0.830295367072269
vn -3.0531133177191805e-16 0.4548022203336264 -0.8730242134365428
vn 0.2697793184527207 0.4548022203336291 -0.8302953670722693
vn 0.5131507575522433 0.4548022203336358 -0.7062914251709776
vn 0.7062914251709773 0.45480222033363576 -0.5131507575522438
vn 0.8302953670722693 0.4548022203336296 -0.26977931845272046
vn 0.9511129438385147 0.24131794518732655 3.191891195797325e-16
vn 0.9045621629702817 0.24131794518733185 0.2939100632160909
vn 0.7694665351353347 0.24131794518735147 0.5590501616527608
vn 0.5590501616527597 0.24131794518735133 0.7694665351353364
vn 0.29391006321609114 0.24131794518733174 0.9045621629702819
vn 8.326672684688674e-17 0.24131794518732647 0.9511129438385155
vn -0.2939100632160908 0.2413179451873316 0.9045621629702822
vn -0.5590501616527596 0.24131794518735092 0.7694665351353367
vn -0.7694665351353351 0.24131794518735092 0.5590501616527611
vn -0.9045621629702822 0.24131794518733118 0.29391006321609064
vn -0.9511129438385155 0.24131794518732536 2.0122792321330962e-16
vn -0.9045621629702819 0.2413179451873312 -0.29391006321609103
vn -0.7694665351353357 0.2413179451873519 -0.5590501616527607
vn -0.5590501616527606 0.2413179451873523 -0.7694665351353353
vn -0.2939100632160911 0.2413179451873329 -0.9045621629702812
vn -1.3183898417423734e-16 0.24131794518732744 -0.9511129438385146
vn 0.29391006321609076 0.24131794518733227 -0.9045621629702815
vn 0.5590501616527592 0.24131794518735222 -0.7694665351353362
vn 0.7694665351353343 0.24131794518735292 -0.5590501616527611
vn 0.9045621629702811 0.24131794518733277 -0.2939100632160912
vn 0.979980512990816 3.469446951953614e-18 -1.0408340855860843e-16
vn 0.9320168527221807 3.469446951953614e-17 0.3028306326704463
vn 0.7928208891658456 -3.8163916471489756e-17 0.5760180930700158
vn 0.5760180930700162 -2.220446049250313e-16 0.7928208891658448
vn 0.30283063267044547 -1.491862189340054e-16 0.9320168527221806
vn 9.71445146547012e-17 -1.3877787807814457e-17 0.9799805129908158
vn -0.3028306326704456 -2.740863092043355e-16 0.9320168527221804
vn -0.5760180930700163 -4.440892098500626e-16 0.7928208891658448
vn -0.7928208891658456 -1.249000902703301e-16 0.5760180930700155
vn -0.9320168527221808 5.898059818321144e-17 0.3028306326704456
vn -0.9799805129908162 0 3.677613769070831e-16
vn -0.9320168527221806 2.7755575615628914e-17 -0.3028306326704454
vn -0.7928208891658453 -4.85722573273506e-17 -0.5760180930700154
vn -0.5760180930700164 -2.42861286636753e-16 -0.7928208891658444
vn -0.30283063267044585 -1.734723475976807e-16 -0.9320168527221804
vn -2.0816681711721685e-17 -4.5102810375396984e-17 -0.979980512990816
vn 0.3028306326704459 -3.0184188481996443e-16 -0.9320168527221805
vn 0.5760180930700166 -4.649058915617843e-16 -0.7928208891658445
vn 0.7928208891658455 -1.5612511283791264e-16 -0.5760180930700153
vn 0.9320168527221806 4.5102810375396984e-17 -0.3028306326704461
vn 0.9511129438385149 -0.24131794518732658 6.245004513516506e-17
vn 0.9045621629702814 -0.2413179451873316 0.29391006321609153
vn 0.7694665351353353 -0.2413179451873515 0.5590501616527607
vn 0.5590501616527609 -0.24131794518735172 0.7694665351353354
vn 0.2939100632160915 -0.24131794518733138 0.9045621629702818
vn 6.938893903907228e-17 -0.24131794518732547 0.9511129438385161
vn -0.29391006321609126 -0.24131794518733113 0.9045621629702821
vn -0.5590501616527611 -0.24131794518735103 0.7694665351353355
vn -0.7694665351353355 -0.2413179451873509 0.5590501616527612
vn -0.9045621629702816 -0.24131794518733107 0.29391006321609175
vn -0.9511129438385154 -0.24131794518732536 2.3592239273284576e-16
vn -0.9045621629702816 -0.24131794518733096 -0.29391006321609187
vn -0.7694665351353358 -0.24131794518735172 -0.5590501616527611
vn -0.5590501616527614 -0.24131794518735256 -0.7694665351353346
vn -0.29391006321609153 -0.24131794518733257 -0.9045621629702811
vn -7.632783294297951e-17 -0.24131794518732647 -0.9511129438385151
vn 0.29391006321609126 -0.24131794518733185 -0.9045621629702815
vn 0.5590501616527608 -0.24131794518735233 -0.7694665351353351
vn 0.7694665351353351 -0.2413179451873526 -0.559050161652761
vn 0.9045621629702809 -0.24131794518733235 -0.293910063216092
vn 0.8730242134365427 -0.45480222033362644 4.718447854656915e-16
vn 0.8302953670722701 -0.45480222033362905 0.26977931845271935
vn 0.7062914251709772 -0.45480222033363626 0.5131507575522427
vn 0.5131507575522432 -0.45480222033363626 0.7062914251709775
vn 0.2697793184527207 -0.45480222033362827 0.830295367072269
vn 1.3183898417423734e-16 -0.4548022203336239 0.8730242134365439
vn -0.2697793184527204 -0.45480222033362766 0.8302953670722695
vn -0.513150757552243 -0.4548022203336357 0.7062914251709776
vn -0.7062914251709771 -0.4548022203336346 0.5131507575522442
vn -0.8302953670722705 -0.45480222033362727 0.2697793184527205
vn -0.8730242134365437 -0.45480222033362455 7.632783294297951e-17
vn -0.8302953670722699 -0.45480222033362694 -0.269779318452721
vn -0.7062914251709781 -0.4548022203336336 -0.5131507575522443
vn -0.5131507575522438 -0.45480222033363515 -0.7062914251709778
vn -0.2697793184527205 -0.45480222033362866 -0.8302953670722697
vn 2.0816681711721685e-17 -0.4548022203336252 -0.8730242134365435
vn 0.2697793184527199 -0.45480222033362827 -0.83029536707227
vn 0.5131507575522424 -0.4548022203336349 -0.706291425170979
vn 0.7062914251709772 -0.45480222033363527 -0.5131507575522439
vn 0.8302953670722695 -0.4548022203336294 -0.2697793184527198
vn 0.7648763852884444 -0.625518193778378 -2.1163626406917047e-16
vn 0.7274406703888651 -0.6255181937783679 0.23635980165021808
vn 0.6187979942944517 -0.6255181937783483 0.44958305909934426
vn 0.44958305909934443 -0.6255181937783495 0.618797994294451
vn 0.23635980165021925 -0.6255181937783699 0.7274406703888627
vn 2.7755575615628914e-17 -0.6255181937783796 0.764876385288443
vn -0.23635980165021903 -0.6255181937783696 0.7274406703888634
vn -0.44958305909934404 -0.6255181937783494 0.6187979942944515
vn -0.6187979942944515 -0.6255181937783484 0.44958305909934443
vn -0.7274406703888652 -0.6255181937783674 0.23635980165021925
vn -0.7648763852884446 -0.6255181937783774 1.734723475976807e-17
vn -0.7274406703888647 -0.6255181937783679 -0.23635980165021908
vn -0.6187979942944516 -0.6255181937783487 -0.44958305909934393
vn -0.44958305909934354 -0.6255181937783485 -0.6187979942944519
vn -0.23635980165021886 -0.6255181937783685 -0.7274406703888643
vn 1.3877787807814457e-17 -0.6255181937783789 -0.7648763852884432
vn 0.23635980165021914 -0.625518193778369 -0.7274406703888636
vn 0.44958305909934393 -0.6255181937783487 -0.6187979942944514
vn 0.6187979942944519 -0.6255181937783482 -0.44958305909934415
vn 0.7274406703888648 -0.625518193778368 -0.2363598016502186
vn 0.6449985428861597 -0.7529060134189811 -4.891920202254596e-16
vn 0.6134300672127628 -0.7529060134189791 0.19931551109890328
vn 0.5218147825419854 -0.7529060134189725 0.37912063125861756
vn 0.37912063125861706 -0.7529060134189725 0.5218147825419859
vn 0.1993155110989035 -0.7529060134189789 0.6134300672127635
vn -2.7755575615628914e-17 -0.752906013418981 0.6449985428861599
vn -0.1993155110989031 -0.7529060134189784 0.6134300672127642
vn -0.3791206312586179 -0.7529060134189685 0.5218147825419921
vn -0.5218147825419904 -0.7529060134189667 0.3791206312586227
vn -0.6134300672127664 -0.7529060134189769 0.19931551109890358
vn -0.6449985428861589 -0.7529060134189817 3.400058012914542e-16
vn -0.6134300672127626 -0.7529060134189793 -0.1993155110989031
vn -0.521814782541991 -0.7529060134189696 -0.37912063125861806
vn -0.37912063125862155 -0.7529060134189667 -0.5218147825419912
vn -0.1993155110989027 -0.7529060134189767 -0.6134300672127673
vn -6.245004513516506e-17 -0.7529060134189814 -0.6449985428861593
vn 0.1993155110989035 -0.7529060134189796 -0.6134300672127627
vn 0.37912063125861806 -0.7529060134189698 -0.5218147825419907
vn 0.5218147825419904 -0.7529060134189668 -0.37912063125862283
vn 0.6134300672127668 -0.7529060134189764 -0.19931551109890372
vn 0.5249460264817948 -0.8441082459580858 -4.163336342344337e-17
vn 0.4992533391887558 -0.844108245958092 0.16221724331247983
vn 0.4246902565533629 -0.8441082459581013 0.3085555326155187
vn 0.30855553261551993 -0.8441082459581006 0.4246902565533629
vn 0.1622172433124796 -0.8441082459580909 0.49925333918875775
vn 4.163336342344337e-17 -0.8441082459580849 0.5249460264817961
vn -0.16221724331247975 -0.8441082459580913 0.4992533391887563
vn -0.3085555326155161 -0.8441082459580996 0.424690256553367
vn -0.4246902565533614 -0.8441082459580989 0.30855553261552027
vn -0.499253339188758 -0.8441082459580913 0.16221724331247586
vn -0.5249460264817944 -0.8441082459580862 -9.020562075079397e-17
vn -0.49925333918875575 -0.844108245958092 -0.1622172433124796
vn -0.42469025655336773 -0.8441082459580997 -0.3085555326155151
vn -0.30855553261552143 -0.8441082459580984 -0.4246902565533614
vn -0.16221724331247642 -0.8441082459580902 -0.49925333918875925
vn -3.469446951953614e-18 -0.844108245958085 -0.5249460264817961
vn 0.16221724331247958 -0.8441082459580909 -0.49925333918875764
vn 0.30855553261551616 -0.8441082459580993 -0.42469025655336756
vn 0.4246902565533617 -0.8441082459580985 -0.30855553261552127
vn 0.49925333918875836 -0.8441082459580906 -0.16221724331247742
vn 0.4098652764632956 -0.9076963322809437 5.429684479807406e-16
vn 0.3898050419835378 -0.907696332280941 0.12665533583135494
vn 0.3315879740630015 -0.9076963322809395 0.24091276493190902
vn 0.24091276493190952 -0.9076963322809394 0.33158797406300095
vn 0.1266553358313545 -0.9076963322809413 0.3898050419835371
vn 1.0408340855860843e-17 -0.9076963322809442 0.4098652764632948
vn -0.12665533583135452 -0.9076963322809416 0.38980504198353655
vn -0.24091276493190417 -0.9076963322809418 0.3315879740629999
vn -0.33158797406299473 -0.9076963322809429 0.24091276493190614
vn -0.3898050419835366 -0.9076963322809424 0.12665533583135058
vn -0.40986527646329607 -0.9076963322809436 -9.679756995950584e-16
vn -0.38980504198353816 -0.9076963322809408 -0.12665533583135444
vn -0.3315879740630005 -0.9076963322809417 -0.24091276493190436
vn -0.2409127649319056 -0.9076963322809429 -0.331587974062995
vn -0.12665533583135186 -0.9076963322809424 -0.3898050419835365
vn 3.469446951953614e-18 -0.9076963322809438 -0.40986527646329535
vn 0.12665533583135463 -0.907696332280941 -0.3898050419835376
vn 0.24091276493190433 -0.9076963322809417 -0.3315879740630005
vn 0.33158797406299495 -0.9076963322809429 -0.24091276493190542
vn 0.3898050419835364 -0.9076963322809424 -0.12665533583135147
vn 0.30094589886295414 -0.9507847287014441 5.585809592645319e-16
vn 0.28621655816591723 -0.9507847287014433 0.09299739713609784
vn 0.24347034656758032 -0.9507847287014416 0.17689156108955123
vn 0.17689156108955117 -0.9507847287014417 0.24347034656758026
vn 0.09299739713609737 -0.9507847287014434 0.28621655816591673
vn 1.9081958235744878e-17 -0.9507847287014443 0.30094589886295375
vn -0.09299739713609731 -0.950784728701443 0.2862165581659174
vn -0.17689156108955117 -0.9507847287014417 0.24347034656757993
vn -0.2434703465675802 -0.9507847287014416 0.17689156108955087
vn -0.2862165581659172 -0.950784728701443 0.09299739713609659
vn -0.30094589886295425 -0.9507847287014441 -4.874572967494828e-16
vn -0.2862165581659172 -0.950784728701443 -0.09299739713609735
vn -0.24347034656758018 -0.9507847287014415 -0.17689156108955204
vn -0.17689156108955145 -0.9507847287014414 -0.24347034656758076
vn -0.09299739713609763 -0.9507847287014428 -0.28621655816591823
vn 3.2959746043559335e-17 -0.950784728701444 -0.30094589886295453
vn 0.09299739713609761 -0.9507847287014431 -0.286216558165917
vn 0.1768915610895514 -0.9507847287014414 -0.2434703465675814
vn 0.2434703465675802 -0.9507847287014415 -0.17689156108955098
vn 0.28621655816591735 -0.9507847287014433 -0.09299739713609619
vn 0.197428827815804 -0.9784234299635206 5.724587470723463e-17
vn 0.1877659731987366 -0.9784234299635207 0.06100886297460546
vn 0.1597232768825157 -0.9784234299635197 0.11604575336751703
vn 0.11604575336751713 -0.9784234299635195 0.15972327688251675
vn 0.061008862974604505 -0.9784234299635204 0.18776597319873836
vn 3.469446951953614e-18 -0.9784234299635203 0.19742882781580579
vn -0.061008862974604464 -0.97842342996352 0.18776597319873936
vn -0.11604575336751718 -0.9784234299635194 0.15972327688251695
vn -0.15972327688251567 -0.9784234299635199 0.11604575336751567
vn -0.1877659731987365 -0.9784234299635209 0.06100886297460473
vn -0.19742882781580395 -0.9784234299635206 5.724587470723463e-17
vn -0.18776597319873645 -0.9784234299635207 -0.06100886297460551
vn -0.15972327688251542 -0.9784234299635197 -0.11604575336751732
vn -0.11604575336751737 -0.9784234299635196 -0.15972327688251603
vn -0.06100886297460479 -0.9784234299635204 -0.18776597319873806
vn 1.1275702593849246e-17 -0.9784234299635203 -0.1974288278158059
vn 0.06100886297460477 -0.9784234299635204 -0.18776597319873858
vn 0.11604575336751725 -0.9784234299635193 -0.159723276882518
vn 0.15972327688251542 -0.9784234299635196 -0.1160457533675173
vn 0.18776597319873656 -0.9784234299635207 -0.061008862974604866
vn 0.09773708455168897 -0.9938362818943427 4.618701254788249e-17
vn 0.09295349114657676 -0.9938362818943426 0.030202420107129854
vn 0.07907096238297935 -0.9938362818943427 0.05744841690154232
vn 0.057448416901539776 -0.9938362818943428 0.07907096238297992
vn 0.03020242010713114 -0.9938362818943427 0.09295349114657517
vn 1.3877787807814457e-17 -0.9938362818943425 0.09773708455168958
vn -0.03020242010713113 -0.9938362818943425 0.0929534911465762
vn -0.05744841690153981 -0.9938362818943426 0.0790709623829805
vn -0.07907096238297935 -0.9938362818943427 0.05744841690154233
vn -0.0929534911465767 -0.9938362818943427 0.030202420107129837
vn -0.09773708455168889 -0.9938362818943427 4.597017211338539e-17
vn -0.09295349114657657 -0.9938362818943427 -0.030202420107129986
vn -0.07907096238297924 -0.9938362818943427 -0.05744841690154248
vn -0.057448416901539824 -0.9938362818943428 -0.07907096238297937
vn -0.03020242010713147 -0.9938362818943427 -0.09295349114657489
vn 1.214306433183765e-17 -0.9938362818943425 -0.09773708455168924
vn 0.030202420107131457 -0.9938362818943426 -0.09295349114657547
vn 0.057448416901539796 -0.9938362818943427 -0.07907096238298038
vn 0.07907096238297923 -0.9938362818943427 -0.057448416901542475
vn 0.09295349114657657 -0.9938362818943427 -0.03020242010712998
vn -4.8572257327350596e-18 0.9987875409510124 -2.8275992658421957e-17
vn -1.734723475976807e-18 -0.9987875409510121 -2.9663771439203404e-17
# 382 normals
usemtl #ffc1c1c1
f 4/4/4 3/3/3 2/2/2 1/1/1 
f 6/8/6 5/7/5 3/6/3 4/5/4 
f 8/12/8 7/11/7 5/10/5 6/9/6 
f 10/16/10 9/15/9 7/14/7 8/13/8 
f 12/20/12 11/19/11 9/18/9 10/17/10 
f 14/24/14 13/23/13 11/22/11 12/21/12 
f 16/28/16 15/27/15 13/26/13 14/25/14 
f 18/32/18 17/31/17 15/30/15 16/29/16 
f 20/36/20 19/35/19 17/34/17 18/33/18 
f 22/40/22 21/39/21 19/38/19 20/37/20 
f 24/44/24 23/43/23 21/42/21 22/41/22 
f 26/48/26 25/47/25 23/46/23 24/45/24 
f 28/52/28 27/51/27 25/50/25 26/49/26 
f 30/56/30 29/55/29 27/54/27 28/53/28 
f 32/60/32 31/59/31 29/58/29 30/57/30 
f 34/64/34 33/63/33 31/62/31 32/61/32 
f 36/68/36 35/67/35 33/66/33 34/65/34 
f 38/72/38 37/71/37 35/70/35 36/69/36 
f 40/76/40 39/75/39 37/74/37 38/73/38 
f 1/80/1 2/79/2 39/78/39 40/77/40 
f 3/84/3 42/83/42 41/82/41 2/81/2 
f 5/88/5 43/87/43 42/86/42 3/85/3 
f 7/92/7 44/91/44 43/90/43 5/89/5 
f 9/96/9 45/95/45 44/94/44 7/93/7 
f 11/100/11 46/99/46 45/98/45 9/97/9 
f 13/104/13 47/103/47 46/102/46 11/101/11 
f 15/108/15 48/107/48 47/106/47 13/105/13 
f 17/112/17 49/111/49 48/110/48 15/109/15 
f 19/116/19 50/115/50 49/114/49 17/113/17 
f 21/120/21 51/119/51 50/118/50 19/117/19 
f 23/124/23 52/123/52 51/122/51 21/121/21 
f 25/128/25 53/127/53 52/126/52 23/125/23 
f 27/132/27 54/131/54 53/130/53 25/129/25 
f 29/136/29 55/135/55 54/134/54 27/133/27 
f 31/140/31 56/139/56 55/138/55 29/137/29 
f 33/144/33 57/143/57 56/142/56 31/141/31 
f 35/148/35 58/147/58 57/146/57 33/145/33 
f 37/152/37 59/151/59 58/150/58 35/149/35 
f 39/156/39 60/155/60 59/154/59 37/153/37 
f 2/160/2 41/159/41 60/158/60 39/157/39 
f 42/164/42 62/163/62 61/162/61 41/161/41 
f 43/168/43 63/167/63 62/166/62 42/165/42 
f 44/172/44 64/171/64 63/170/63 43/169/43 
f 45/176/45 65/175/65 64/174/64 44/173/44 
f 46/180/46 66/179/66 65/178/65 45/177/45 
f 47/184/47 67/183/67 66/182/66 46/181/46 
f 48/188/48 68/187/68 67/186/67 47/185/47 
f 49/192/49 69/191/69 68/190/68 48/189/48 
f 50/196/50 70/195/70 69/194/69 49/193/49 
f 51/200/51 71/199/71 70/198/70 50/197/50 
f 52/204/52 72/203/72 71/202/71 51/201/51 
f 53/208/53 73/207/73 72/206/72 52/205/52 
f 54/212/54 74/211/74 73/210/73 53/209/53 
f 55/216/55 75/215/75 74/214/74 54/213/54 
f 56/220/56 76/219/76 75/218/75 55/217/55 
f 57/224/57 77/223/77 76/222/76 56/221/56 
f 58/228/58 78/227/78 77/226/77 57/225/57 
f 59/232/59 79/231/79 78/230/78 58/229/58 
f 60/236/60 80/235/80 79/234/79 59/233/59 
f 41/240/41 61/239/61 80/238/80 60/237/60 
f 62/244/62 82/243/82 81/242/81 61/241/61 
f 63/248/63 83/247/83 82/246/82 62/245/62 
f 64/252/64 84/251/84 83/250/83 63/249/63 
f 65/256/65 85/255/85 84/254/84 64/253/64 
f 66/260/66 86/259/86 85/258/85 65/257/65 
f 67/264/67 87/263/87 86/262/86 66/261/66 
f 68/268/68 88/267/88 87/266/87 67/265/67 
f 69/272/69 89/271/89 88/270/88 68/269/68 
f 70/276/70 90/275/90 89/274/89 69/273/69 
f 71/280/71 91/279/91 90/278/90 70/277/70 
f 72/284/72 92/283/92 91/282/91 71/281/71 
f 73/288/73 93/287/93 92/286/92 72/285/72 
f 74/292/74 94/291/94 93/290/93 73/289/73 
f 75/296/75 95/295/95 94/294/94 74/293/74 
f 76/300/76 96/299/96 95/298/95 75/297/75 
f 77/304/77 97/303/97 96/302/96 76/301/76 
f 78/308/78 98/307/98 97/306/97 77/305/77 
f 79/312/79 99/311/99 98/310/98 78/309/78 
f 80/316/80 100/315/100 99/314/99 79/313/79 
f 61/320/61 81/319/81 100/318/100 80/317/80 
f 82/324/82 102/323/102 101/322/101 81/321/81 
f 83/328/83 103/327/103 102/326/102 82/325/82 
f 84/332/84 104/331/104 103/330/103 83/329/83 
f 85/336/85 105/335/105 104/334/104 84/333/84 
f 86/340/86 106/339/106 105/338/105 85/337/85 
f 87/344/87 107/343/107 106/342/106 86/341/86 
f 88/348/88 108/347/108 107/346/107 87/345/87 
f 89/352/89 109/351/109 108/350/108 88/349/88 
f 90/356/90 110/355/110 109/354/109 89/353/89 
f 91/360/91 111/359/111 110/358/110 90/357/90 
f 92/364/92 112/363/112 111/362/111 91/361/91 
f 93/368/93 113/367/113 112/366/112 92/365/92 
f 94/372/94 114/371/114 113/370/113 93/369/93 
f 95/376/95 115/375/115 114/374/114 94/373/94 
f 96/380/96 116/379/116 115/378/115 95/377/95 
f 97/384/97 117/383/117 116/382/116 96/381/96 
f 98/388/98 118/387/118 117/386/117 97/385/97 
f 99/392/99 119/391/119 118/390/118 98/389/98 
f 100/396/100 120/395/120 119/394/119 99/393/99 
f 81/400/81 101/399/101 120/398/120 100/397/100 
f 102/404/102 122/403/122 121/402/121 101/401/101 
f 103/408/103 123/407/123 122/406/122 102/405/102 
f 104/412/104 124/411/124 123/410/123 103/409/103 
f 105/416/105 125/415/125 124/414/124 104/413/104 
f 106/420/106 126/419/126 125/418/125 105/417/105 
f 107/424/107 127/423/127 126/422/126 106/421/106 
f 108/428/108 128/427/128 127/426/127 107/425/107 
f 109/432/109 129/431/129 128/430/128 108/429/108 
f 110/436/110 130/435/130 129/434/129 109/433/109 
f 111/440/111 131/439/131 130/438/130 110/437/110 
f 112/444/112 132/443/132 131/442/131 111/441/111 
f 113/448/113 133/447/133 132/446/132 112/445/112 
f 114/452/114 134/451/134 133/450/133 113/449/113 
f 115/456/115 135/455/135 134/454/134 114/453/114 
f 116/460/116 136/459/136 135/458/135 115/457/115 
f 117/464/117 137/463/137 136/462/136 116/461/116 
f 118/468/118 138/467/138 137/466/137 117/465/117 
f 119/472/119 139/471/139 138/470/138 118/469/118 
f 120/476/120 140/475/140 139/474/139 119/473/119 
f 101/480/101 121/479/121 140/478/140 120/477/120 
f 122/484/122 142/483/142 141/482/141 121/481/121 
f 123/488/123 143/487/143 142/486/142 122/485/122 
f 124/492/124 144/491/144 143/490/143 123/489/123 
f 125/496/125 145/495/145 144/494/144 124/493/124 
f 126/500/126 146/499/146 145/498/145 125/497/125 
f 127/504/127 147/503/147 146/502/146 126/501/126 
f 128/508/128 148/507/148 147/506/147 127/505/127 
f 129/512/129 149/511/149 148/510/148 128/509/128 
f 130/516/130 150/515/150 149/514/149 129/513/129 
f 131/520/131 151/519/151 150/518/150 130/517/130 
f 132/524/132 152/523/152 151/522/151 131/521/131 
f 133/528/133 153/527/153 152/526/152 132/525/132 
f 134/532/134 154/531/154 153/530/153 133/529/133 
f 135/536/135 155/535/155 154/534/154 134/533/134 
f 136/540/136 156/539/156 155/538/155 135/537/135 
f 137/544/137 157/543/157 156/542/156 136/541/136 
f 138/548/138 158/547/158 157/546/157 137/545/137 
f 139/552/139 159/551/159 158/550/158 138/549/138 
f 140/556/140 160/555/160 159/554/159 139/553/139 
f 121/560/121 141/559/141 160/558/160 140/557/140 
f 142/564/142 162/563/162 161/562/161 141/561/141 
f 143/568/143 163/567/163 162/566/162 142/565/142 
f 144/572/144 164/571/164 163/570/163 143/569/143 
f 145/576/145 165/575/165 164/574/164 144/573/144 
f 146/580/146 166/579/166 165/578/165 145/577/145 
f 147/584/147 167/583/167 166/582/166 146/581/146 
f 148/588/148 168/587/168 167/586/167 147/585/147 
f 149/592/149 169/591/169 168/590/168 148/589/148 
f 150/596/150 170/595/170 169/594/169 149/593/149 
f 151/600/151 171/599/171 170/598/170 150/597/150 
f 152/604/152 172/603/172 171/602/171 151/601/151 
f 153/608/153 173/607/173 172/606/172 152/605/152 
f 154/612/154 174/611/174 173/610/173 153/609/153 
f 155/616/155 175/615/175 174/614/174 154/613/154 
f 156/620/156 176/619/176 175/618/175 155/617/155 
f 157/624/157 177/623/177 176/622/176 156/621/156 
f 158/628/158 178/627/178 177/626/177 157/625/157 
f 159/632/159 179/631/179 178/630/178 158/629/158 
f 160/636/160 180/635/180 179/634/179 159/633/159 
f 141/640/141 161/639/161 180/638/180 160/637/160 
f 162/644/162 182/643/182 181/642/181 161/641/161 
f 163/648/163 183/647/183 182/646/182 162/645/162 
f 164/652/164 184/651/184 183/650/183 163/649/163 
f 165/656/165 185/655/185 184/654/184 164/653/164 
f 166/660/166 186/659/186 185/658/185 165/657/165 
f 167/664/167 187/663/187 186/662/186 166/661/166 
f 168/668/168 188/667/188 187/666/187 167/665/167 
f 169/672/169 189/671/189 188/670/188 168/669/168 
f 170/676/170 190/675/190 189/674/189 169/673/169 
f 171/680/171 191/679/191 190/678/190 170/677/170 
f 172/684/172 192/683/192 191/682/191 171/681/171 
f 173/688/173 193/687/193 192/686/192 172/685/172 
f 174/692/174 194/691/194 193/690/193 173/689/173 
f 175/696/175 195/695/195 194/694/194 174/693/174 
f 176/700/176 196/699/196 195/698/195 175/697/175 
f 177/704/177 197/703/197 196/702/196 176/701/176 
f 178/708/178 198/707/198 197/706/197 177/705/177 
f 179/712/179 199/711/199 198/710/198 178/709/178 
f 180/716/180 200/715/200 199/714/199 179/713/179 
f 161/720/161 181/719/181 200/718/200 180/717/180 
f 182/724/182 202/723/202 201/722/201 181/721/181 
f 183/728/183 203/727/203 202/726/202 182/725/182 
f 184/732/184 204/731/204 203/730/203 183/729/183 
f 185/736/185 205/735/205 204/734/204 184/733/184 
f 186/740/186 206/739/206 205/738/205 185/737/185 
f 187/744/187 207/743/207 206/742/206 186/741/186 
f 188/748/188 208/747/208 207/746/207 187/745/187 
f 189/752/189 209/751/209 208/750/208 188/749/188 
f 190/756/190 210/755/210 209/754/209 189/753/189 
f 191/760/191 211/759/211 210/758/210 190/757/190 
f 192/764/192 212/763/212 211/762/211 191/761/191 
f 193/768/193 213/767/213 212/766/212 192/765/192 
f 194/772/194 214/771/214 213/770/213 193/769/193 
f 195/776/195 215/775/215 214/774/214 194/773/194 
f 196/780/196 216/779/216 215/778/215 195/777/195 
f 197/784/197 217/783/217 216/782/216 196/781/196 
f 198/788/198 218/787/218 217/786/217 197/785/197 
f 199/792/199 219/791/219 218/790/218 198/789/198 
f 200/796/200 220/795/220 219/794/219 199/793/199 
f 181/800/181 201/799/201 220/798/220 200/797/200 
f 202/804/202 222/803/222 221/802/221 201/801/201 
f 203/808/203 223/807/223 222/806/222 202/805/202 
f 204/812/204 224/811/224 223/810/223 203/809/203 
f 205/816/205 225/815/225 224/814/224 204/813/204 
f 206/820/206 226/819/226 225/818/225 205/817/205 
f 207/824/207 227/823/227 226/822/226 206/821/206 
f 208/828/208 228/827/228 227/826/227 207/825/207 
f 209/832/209 229/831/229 228/830/228 208/829/208 
f 210/836/210 230/835/230 229/834/229 209/833/209 
f 211/840/211 231/839/231 230/838/230 210/837/210 
f 212/844/212 232/843/232 231/842/231 211/841/211 
f 213/848/213 233/847/233 232/846/232 212/845/212 
f 214/852/214 234/851/234 233/850/233 213/849/213 
f 215/856/215 235/855/235 234/854/234 214/853/214 
f 216/860/216 236/859/236 235/858/235 215/857/215 
f 217/864/217 237/863/237 236/862/236 216/861/216 
f 218/868/218 238/867/238 237/866/237 217/865/217 
f 219/872/219 239/871/239 238/870/238 218/869/218 
f 220/876/220 240/875/240 239/874/239 219/873/219 
f 201/880/201 221/879/221 240/878/240 220/877/220 
f 222/884/222 242/883/242 241/882/241 221/881/221 
f 223/888/223 243/887/243 242/886/242 222/885/222 
f 224/892/224 244/891/244 243/890/243 223/889/223 
f 225/896/225 245/895/245 244/894/244 224/893/224 
f 226/900/226 246/899/246 245/898/245 225/897/225 
f 227/904/227 247/903/247 246/902/246 226/901/226 
f 228/908/228 248/907/248 247/906/247 227/905/227 
f 229/912/229 249/911/249 248/910/248 228/909/228 
f 230/916/230 250/915/250 249/914/249 229/913/229 
f 231/920/231 251/919/251 250/918/250 230/917/230 
f 232/924/232 252/923/252 251/922/251 231/921/231 
f 233/928/233 253/927/253 252/926/252 232/925/232 
f 234/932/234 254/931/254 253/930/253 233/929/233 
f 235/936/235 255/935/255 254/934/254 234/933/234 
f 236/940/236 256/939/256 255/938/255 235/937/235 
f 237/944/237 257/943/257 256/942/256 236/941/236 
f 238/948/238 258/947/258 257/946/257 237/945/237 
f 239/952/239 259/951/259 258/950/258 238/949/238 
f 240/956/240 260/955/260 259/954/259 239/953/239 
f 221/960/221 241/959/241 260/958/260 240/957/240 
f 242/964/242 262/963/262 261/962/261 241/961/241 
f 243/968/243 263/967/263 262/966/262 242/965/242 
f 244/972/244 264/971/264 263/970/263 243/969/243 
f 245/976/245 265/975/265 264/974/264 244/973/244 
f 246/980/246 266/979/266 265/978/265 245/977/245 
f 247/984/247 267/983/267 266/982/266 246/981/246 
f 248/988/248 268/987/268 267/986/267 247/985/247 
f 249/992/249 269/991/269 268/990/268 248/989/248 
f 250/996/250 270/995/270 269/994/269 249/993/249 
f 251/1000/251 271/999/271 270/998/270 250/997/250 
f 252/1004/252 272/1003/272 271/1002/271 251/1001/251 
f 253/1008/253 273/1007/273 272/1006/272 252/1005/252 
f 254/1012/254 274/1011/274 273/1010/273 253/1009/253 
f 255/1016/255 275/1015/275 274/1014/274 254/1013/254 
f 256/1020/256 276/1019/276 275/1018/275 255/1017/255 
f 257/1024/257 277/1023/277 276/1022/276 256/1021/256 
f 258/1028/258 278/1027/278 277/1026/277 257/1025/257 
f 259/1032/259 279/1031/279 278/1030/278 258/1029/258 
f 260/1036/260 280/1035/280 279/1034/279 259/1033/259 
f 241/1040/241 261/1039/261 280/1038/280 260/1037/260 
f 262/1044/262 282/1043/282 281/1042/281 261/1041/261 
f 263/1048/263 283/1047/283 282/1046/282 262/1045/262 
f 264/1052/264 284/1051/284 283/1050/283 263/1049/263 
f 265/1056/265 285/1055/285 284/1054/284 264/1053/264 
f 266/1060/266 286/1059/286 285/1058/285 265/1057/265 
f 267/1064/267 287/1063/287 286/1062/286 266/1061/266 
f 268/1068/268 288/1067/288 287/1066/287 267/1065/267 
f 269/1072/269 289/1071/289 288/1070/288 268/1069/268 
f 270/1076/270 290/1075/290 289/1074/289 269/1073/269 
f 271/1080/271 291/1079/291 290/1078/290 270/1077/270 
f 272/1084/272 292/1083/292 291/1082/291 271/1081/271 
f 273/1088/273 293/1087/293 292/1086/292 272/1085/272 
f 274/1092/274 294/1091/294 293/1090/293 273/1089/273 
f 275/1096/275 295/1095/295 294/1094/294 274/1093/274 
f 276/1100/276 296/1099/296 295/1098/295 275/1097/275 
f 277/1104/277 297/1103/297 296/1102/296 276/1101/276 
f 278/1108/278 298/1107/298 297/1106/297 277/1105/277 
f 279/1112/279 299/1111/299 298/1110/298 278/1109/278 
f 280/1116/280 300/1115/300 299/1114/299 279/1113/279 
f 261/1120/261 281/1119/281 300/1118/300 280/1117/280 
f 282/1124/282 302/1123/302 301/1122/301 281/1121/281 
f 283/1128/283 303/1127/303 302/1126/302 282/1125/282 
f 284/1132/284 304/1131/304 303/1130/303 283/1129/283 
f 285/1136/285 305/1135/305 304/1134/304 284/1133/284 
f 286/1140/286 306/1139/306 305/1138/305 285/1137/285 
f 287/1144/287 307/1143/307 306/1142/306 286/1141/286 
f 288/1148/288 308/1147/308 307/1146/307 287/1145/287 
f 289/1152/289 309/1151/309 308/1150/308 288/1149/288 
f 290/1156/290 310/1155/310 309/1154/309 289/1153/289 
f 291/1160/291 311/1159/311 310/1158/310 290/1157/290 
f 292/1164/292 312/1163/312 311/1162/311 291/1161/291 
f 293/1168/293 313/1167/313 312/1166/312 292/1165/292 
f 294/1172/294 314/1171/314 313/1170/313 293/1169/293 
f 295/1176/295 315/1175/315 314/1174/314 294/1173/294 
f 296/1180/296 316/1179/316 315/1178/315 295/1177/295 
f 297/1184/297 317/1183/317 316/1182/316 296/1181/296 
f 298/1188/298 318/1187/318 317/1186/317 297/1185/297 
f 299/1192/299 319/1191/319 318/1190/318 298/1189/298 
f 300/1196/300 320/1195/320 319/1194/319 299/1193/299 
f 281/1200/281 301/1199/301 320/1198/320 300/1197/300 
f 302/1204/302 322/1203/322 321/1202/321 301/1201/301 
f 303/1208/303 323/1207/323 322/1206/322 302/1205/302 
f 304/1212/304 324/1211/324 323/1210/323 303/1209/303 
f 305/1216/305 325/1215/325 324/1214/324 304/1213/304 
f 306/1220/306 326/1219/326 325/1218/325 305/1217/305 
f 307/1224/307 327/1223/327 326/1222/326 306/1221/306 
f 308/1228/308 328/1227/328 327/1226/327 307/1225/307 
f 309/1232/309 329/1231/329 328/1230/328 308/1229/308 
f 310/1236/310 330/1235/330 329/1234/329 309/1233/309 
f 311/1240/311 331/1239/331 330/1238/330 310/1237/310 
f 312/1244/312 332/1243/332 331/1242/331 311/1241/311 
f 313/1248/313 333/1247/333 332/1246/332 312/1245/312 
f 314/1252/314 334/1251/334 333/1250/333 313/1249/313 
f 315/1256/315 335/1255/335 334/1254/334 314/1253/314 
f 316/1260/316 336/1259/336 335/1258/335 315/1257/315 
f 317/1264/317 337/1263/337 336/1262/336 316/1261/316 
f 318/1268/318 338/1267/338 337/1266/337 317/1265/317 
f 319/1272/319 339/1271/339 338/1270/338 318/1269/318 
f 320/1276/320 340/1275/340 339/1274/339 319/1273/319 
f 301/1280/301 321/1279/321 340/1278/340 320/1277/320 
f 322/1284/322 342/1283/342 341/1282/341 321/1281/321 
f 323/1288/323 343/1287/343 342/1286/342 322/1285/322 
f 324/1292/324 344/1291/344 343/1290/343 323/1289/323 
f 325/1296/325 345/1295/345 344/1294/344 324/1293/324 
f 326/1300/326 346/1299/346 345/1298/345 325/1297/325 
f 327/1304/327 347/1303/347 346/1302/346 326/1301/326 
f 328/1308/328 348/1307/348 347/1306/347 327/1305/327 
f 329/1312/329 349/1311/349 348/1310/348 328/1309/328 
f 330/1316/330 350/1315/350 349/1314/349 329/1313/329 
f 331/1320/331 351/1319/351 350/1318/350 330/1317/330 
f 332/1324/332 352/1323/352 351/1322/351 331/1321/331 
f 333/1328/333 353/1327/353 352/1326/352 332/1325/332 
f 334/1332/334 354/1331/354 353/1330/353 333/1329/333 
f 335/1336/335 355/1335/355 354/1334/354 334/1333/334 
f 336/1340/336 356/1339/356 355/1338/355 335/1337/335 
f 337/1344/337 357/1343/357 356/1342/356 336/1341/336 
f 338/1348/338 358/1347/358 357/1346/357 337/1345/337 
f 339/1352/339 359/1351/359 358/1350/358 338/1349/338 
f 340/1356/340 360/1355/360 359/1354/359 339/1353/339 
f 321/1360/321 341/1359/341 360/1358/360 340/1357/340 
f 342/1364/342 362/1363/362 361/1362/361 341/1361/341 
f 343/1368/343 363/1367/363 362/1366/362 342/1365/342 
f 344/1372/344 364/1371/364 363/1370/363 343/1369/343 
f 345/1376/345 365/1375/365 364/1374/364 344/1373/344 
f 346/1380/346 366/1379/366 365/1378/365 345/1377/345 
f 347/1384/347 367/1383/367 366/1382/366 346/1381/346 
f 348/1388/348 368/1387/368 367/1386/367 347/1385/347 
f 349/1392/349 369/1391/369 368/1390/368 348/1389/348 
f 350/1396/350 370/1395/370 369/1394/369 349/1393/349 
f 351/1400/351 371/1399/371 370/1398/370 350/1397/350 
f 352/1404/352 372/1403/372 371/1402/371 351/1401/351 
f 353/1408/353 373/1407/373 372/1406/372 352/1405/352 
f 354/1412/354 374/1411/374 373/1410/373 353/1409/353 
f 355/1416/355 375/1415/375 374/1414/374 354/1413/354 
f 356/1420/356 376/1419/376 375/1418/375 355/1417/355 
f 357/1424/357 377/1423/377 376/1422/376 356/1421/356 
f 358/1428/358 378/1427/378 377/1426/377 357/1425/357 
f 359/1432/359 379/1431/379 378/1430/378 358/1429/358 
f 360/1436/360 380/1435/380 379/1434/379 359/1433/359 
f 341/1440/341 361/1439/361 380/1438/380 360/1437/360 
f 381/1443/381 4/1442/4 1/1441/1 
f 381/1446/381 6/1445/6 4/1444/4 
f 381/1449/381 8/1448/8 6/1447/6 
f 381/1452/381 10/1451/10 8/1450/8 
f 381/1455/381 12/1454/12 10/1453/10 
f 381/1458/381 14/1457/14 12/1456/12 
f 381/1461/381 16/1460/16 14/1459/14 
f 381/1464/381 18/1463/18 16/1462/16 
f 381/1467/381 20/1466/20 18/1465/18 
f 381/1470/381 22/1469/22 20/1468/20 
f 381/1473/381 24/1472/24 22/1471/22 
f 381/1476/381 26/1475/26 24/1474/24 
f 381/1479/381 28/1478/28 26/1477/26 
f 381/1482/381 30/1481/30 28/1480/28 
f 381/1485/381 32/1484/32 30/1483/30 
f 381/1488/381 34/1487/34 32/1486/32 
f 381/1491/381 36/1490/36 34/1489/34 
f 381/1494/381 38/1493/38 36/1492/36 
f 381/1497/381 40/1496/40 38/1495/38 
f 381/1500/381 1/1499/1 40/1498/40 
f 362/1503/362 382/1502/382 361/1501/361 
f 363/1506/363 382/1505/382 362/1504/362 
f 364/1509/364 382/1508/382 363/1507/363 
f 365/1512/365 382/1511/382 364/1510/364 
f 366/1515/366 382/1514/382 365/1513/365 
f 367/1518/367 382/1517/382 366/1516/366 
f 368/1521/368 382/1520/382 367/1519/367 
f 369/1524/369 382/1523/382 368/1522/368 
f 370/1527/370 382/1526/382 369/1525/369 
f 371/1530/371 382/1529/382 370/1528/370 
f 372/1533/372 382/1532/382 371/1531/371 
f 373/1536/373 382/1535/382 372/1534/372 
f 374/1539/374 382/1538/382 373/1537/373 
f 375/1542/375 382/1541/382 374/1540/374 
f 376/1545/376 382/1544/382 375/1543/375 
f 377/1548/377 382/1547/382 376/1546/376 
f 378/1551/378 382/1550/382 377/1549/377 
f 379/1554/379 382/1553/382 378/1552/378 
f 380/1557/380 382/1556/382 379/1555/379 
f 361/1560/361 382/1559/382 380/1558/380 
# 400 polygons
g main
v 45.0727438530272 213.98298866260856 109.25087322509138
v -0.6836132923145987 213.98298866260856 118.35237854754047
v -0.6836132923145968 388.9829886626086 95.61311475930046
v 36.37080433708831 388.9829886626086 88.2425328267614
v 83.86311040540107 213.98298866260856 83.33197893773593
v 67.78402278154687 388.9829886626086 67.25289131388172
v 109.78200469275657 213.98298866260856 44.541612385361994
v 88.77366429442661 388.9829886626086 35.839672869423104
v 118.88351001520569 213.98298866260856 -1.2147447599797936
v 96.14424622696566 388.9829886626086 -1.2147447599797943
v 109.78200469275657 213.98298866260856 -46.97110190532158
v 88.77366429442661 388.9829886626086 -38.26916238938269
v 83.86311040540113 213.98298866260856 -85.76146845769544
v 67.7840227815469 388.9829886626086 -69.68238083384125
v 45.0727438530272 213.98298866260856 -111.68036274505097
v 36.37080433708831 388.9829886626086 -90.672022346721
v -0.6836132923145987 213.98298866260856 -120.78186806750006
v -0.6836132923145968 388.9829886626086 -98.04260427926005
v -46.439970437656385 213.98298866260856 -111.68036274505097
v -37.7380309217175 388.9829886626086 -90.672022346721
v -85.23033699003025 213.98298866260856 -85.7614684576955
v -69.15124936617605 388.9829886626086 -69.68238083384128
v -111.14923127738572 213.98298866260856 -46.971101905321625
v -90.14089087905576 388.9829886626086 -38.26916238938275
v -120.25073659983487 213.98298866260856 -1.2147447599797936
v -97.51147281159484 388.9829886626086 -1.2147447599797943
v -111.14923127738575 213.98298866260856 44.541612385361994
v -90.14089087905579 388.9829886626086 35.839672869423104
v -85.23033699003031 213.98298866260856 83.33197893773585
v -69.15124936617607 388.9829886626086 67.25289131388166
v -46.439970437656434 213.98298866260856 109.25087322509133
v -37.73803092171756 388.9829886626086 88.24253282676135
# 32 vertices
vt 0.1760654056758875 1.8358710494633148
vt -0.002670364423103901 1.8358710494633148
vt -0.0026703644231038937 2.519464799463315
vt 0.1420734544417512 2.519464799463315
vt 0.32759027502109794 1.8358710494633148
vt 0.1760654056758875 1.8358710494633148
vt 0.1420734544417512 2.519464799463315
vt 0.26478133899041745 2.519464799463315
vt -0.1739906733803203 1.8358710494633148
vt -0.32551554272553096 1.8358710494633148
vt -0.26270660669485046 2.519464799463315
vt -0.139998722146184 2.519464799463315
vt 0.004745096718671069 1.8358710494633148
vt -0.1739906733803203 1.8358710494633148
vt -0.139998722146184 2.519464799463315
vt 0.004745096718671071 2.519464799463315
vt 0.18348086681766243 1.8358710494633148
vt 0.004745096718671069 1.8358710494633148
vt 0.004745096718671071 2.519464799463315
vt 0.14948891558352614 2.519464799463315
vt 0.3350057361628728 1.8358710494633148
vt 0.18348086681766243 1.8358710494633148
vt 0.14948891558352614 2.519464799463315
vt 0.2721968001321924 2.519464799463315
vt -0.1760654056758875 1.8358710494633148
vt -0.32759027502109817 1.8358710494633148
vt -0.26478133899041756 2.519464799463315
vt -0.1420734544417512 2.519464799463315
vt 0.002670364423103901 1.8358710494633148
vt -0.1760654056758875 1.8358710494633148
vt -0.1420734544417512 2.519464799463315
vt 0.0026703644231038937 2.519464799463315
vt 0.18140613452209525 1.8358710494633148
vt 0.002670364423103901 1.8358710494633148
vt 0.0026703644231038937 2.519464799463315
vt 0.147414183287959 2.519464799463315
vt 0.3329310038673057 1.8358710494633148
vt 0.18140613452209525 1.8358710494633148
vt 0.147414183287959 2.519464799463315
vt 0.2701220678366252 2.519464799463315
vt -0.1834808668176626 1.8358710494633148
vt -0.33500573616287305 1.8358710494633148
vt -0.2721968001321925 2.519464799463315
vt -0.14948891558352637 2.519464799463315
vt -0.004745096718671069 1.8358710494633148
vt -0.1834808668176626 1.8358710494633148
vt -0.14948891558352637 2.519464799463315
vt -0.004745096718671071 2.519464799463315
vt 0.1739906733803203 1.8358710494633148
vt -0.004745096718671069 1.8358710494633148
vt -0.004745096718671071 2.519464799463315
vt 0.139998722146184 2.519464799463315
vt 0.3255155427255307 1.8358710494633148
vt 0.1739906733803203 1.8358710494633148
vt 0.139998722146184 2.519464799463315
vt 0.26270660669485024 2.519464799463315
vt -0.18140613452209545 1.8358710494633148
vt -0.3329310038673059 1.8358710494633148
vt -0.2701220678366253 2.519464799463315
vt -0.14741418328795922 2.519464799463315
vt -0.002670364423103901 1.8358710494633148
vt -0.18140613452209545 1.8358710494633148
vt -0.14741418328795922 2.519464799463315
vt -0.0026703644231038937 2.519464799463315
vt -0.14741418328795922 0.6553026061454634
vt -0.2701220678366253 0.7372933933051498
vt -0.3521128549963117 0.860001277853816
vt -0.38090419067029235 1.004745096718671
vt -0.35211285499631156 1.1494889155835264
vt -0.2701220678366252 1.2721968001321926
vt -0.147414183287959 1.354187587291879
vt -0.0026703644231038937 1.3829789229658596
vt 0.1420734544417512 1.354187587291879
vt 0.26478133899041756 1.2721968001321924
vt 0.34677212615010394 1.1494889155835262
vt 0.3755634618240846 1.004745096718671
vt 0.34677212615010394 0.860001277853816
vt 0.26478133899041745 0.7372933933051495
vt 0.1420734544417512 0.6553026061454632
vt -0.0026703644231038937 0.6265112704714826
vt -0.002670364423103901 1.46231397870133
vt 0.1760654056758875 1.4267612235355132
vt 0.32759027502109794 1.325515542725531
vt 0.42883595583108036 1.1739906733803203
vt 0.4643887109968972 0.9952549032813289
vt 0.42883595583108036 0.8165191331823376
vt 0.32759027502109817 0.6649942638371271
vt 0.1760654056758875 0.5637485830271447
vt -0.002670364423103901 0.5281958278613279
vt -0.18140613452209525 0.5637485830271447
vt -0.3329310038673057 0.6649942638371269
vt -0.434176684677288 0.8165191331823374
vt -0.46972943984310495 0.9952549032813289
vt -0.4341766846772881 1.1739906733803203
vt -0.3329310038673059 1.3255155427255307
vt -0.18140613452209545 1.426761223535513
# 96 uvs
vn 0.24821263798519752 -0.24905371101562693 0.599238316976268
vn -2.498001805406602e-16 -0.24905371101562693 0.6486108804114533
vn -2.498001805406602e-16 0.41761295565103973 0.6486108804114533
vn 0.24821263798519752 0.4176129556510397 0.5992383169762678
vn 0.4586371518903154 -0.249053711015627 0.45863715189031556
vn 0.4586371518903154 0.4176129556510397 0.45863715189031556
vn 0.5992383169762677 -0.249053711015627 0.2482126379851978
vn 0.5992383169762677 0.4176129556510397 0.24821263798519774
vn 0.6486108804114534 -0.24905371101562693 9.251858538542972e-17
vn 0.6486108804114534 0.4176129556510397 9.25185853854297e-18
vn 0.5992383169762677 -0.24905371101562693 -0.2482126379851977
vn 0.5992383169762677 0.4176129556510397 -0.24821263798519777
vn 0.45863715189031556 -0.24905371101562693 -0.4586371518903154
vn 0.45863715189031556 0.41761295565103973 -0.4586371518903154
vn 0.24821263798519774 -0.24905371101562693 -0.5992383169762676
vn 0.24821263798519774 0.4176129556510397 -0.5992383169762677
vn -2.7755575615628914e-17 -0.24905371101562693 -0.6486108804114533
vn -2.7755575615628914e-17 0.4176129556510397 -0.6486108804114535
vn -0.24821263798519785 -0.24905371101562693 -0.5992383169762677
vn -0.24821263798519785 0.41761295565103973 -0.5992383169762677
vn -0.45863715189031556 -0.2490537110156269 -0.4586371518903154
vn -0.45863715189031556 0.41761295565103973 -0.45863715189031556
vn -0.5992383169762676 -0.2490537110156269 -0.24821263798519796
vn -0.5992383169762676 0.41761295565103973 -0.24821263798519802
vn -0.6486108804114533 -0.24905371101562693 -1.295260195396016e-16
vn -0.6486108804114533 0.4176129556510397 -2.1279274638648835e-16
vn -0.5992383169762677 -0.24905371101562693 0.24821263798519774
vn -0.5992383169762677 0.4176129556510397 0.24821263798519766
vn -0.45863715189031556 -0.24905371101562693 0.45863715189031545
vn -0.45863715189031556 0.41761295565103973 0.4586371518903154
vn -0.2482126379851979 -0.24905371101562693 0.5992383169762677
vn -0.2482126379851979 0.41761295565103973 0.5992383169762677
# 32 normals
usemtl #ffc1c1c1
f 386/1564/386 385/1563/385 384/1562/384 383/1561/383 
f 388/1568/388 386/1567/386 383/1566/383 387/1565/387 
f 390/1572/390 388/1571/388 387/1570/387 389/1569/389 
f 392/1576/392 390/1575/390 389/1574/389 391/1573/391 
f 394/1580/394 392/1579/392 391/1578/391 393/1577/393 
f 396/1584/396 394/1583/394 393/1582/393 395/1581/395 
f 398/1588/398 396/1587/396 395/1586/395 397/1585/397 
f 400/1592/400 398/1591/398 397/1590/397 399/1589/399 
f 402/1596/402 400/1595/400 399/1594/399 401/1593/401 
f 404/1600/404 402/1599/402 401/1598/401 403/1597/403 
f 406/1604/406 404/1603/404 403/1602/403 405/1601/405 
f 408/1608/408 406/1607/406 405/1606/405 407/1605/407 
f 410/1612/410 408/1611/408 407/1610/407 409/1609/409 
f 412/1616/412 410/1615/410 409/1614/409 411/1613/411 
f 414/1620/414 412/1619/412 411/1618/411 413/1617/413 
f 385/1624/385 414/1623/414 413/1622/413 384/1621/384 
f 385/1640/385 386/1639/386 388/1638/388 390/1637/390 392/1636/392 394/1635/394 396/1634/396 398/1633/398 400/1632/400 402/1631/402 404/1630/404 406/1629/406 408/1628/408 410/1627/410 412/1626/412 414/1625/414 
f 413/1656/413 411/1655/411 409/1654/409 407/1653/407 405/1652/405 403/1651/403 401/1650/401 399/1649/399 397/1648/397 395/1647/395 393/1646/393 391/1645/391 389/1644/389 387/1643/387 383/1642/383 384/1641/384 
# 18 polygons
g skirt1
v 44.874585635636116 214.9106750069027 -111.4773519307779
v -0.8560845319921087 214.9106750069029 -120.57374779567907
v -0.8560845319920984 153.20210818762476 -137.26368030048255
v 51.26154629251603 153.20210818762467 -126.89683897096053
v 83.6431758198003 214.9106750069027 -85.57300814747147
v 95.44474027149258 153.20210818762467 -97.37457259916387
v 109.54751960310662 214.91067500690266 -46.80441796330728
v 124.9670066432895 153.20210818762487 -53.19137862018708
v 118.64391546800785 214.9106750069029 -1.0737477956789723
v 135.33384797281144 153.20210818762467 -1.07374779567906
v 109.54751960310662 214.91067500690266 44.6569223719491
v 124.9670066432895 153.20210818762502 51.04388302882904
v 83.64317581980035 214.9106750069029 83.42551255611332
v 95.44474027149272 153.2021081876249 95.2270770078056
v 44.874585635636116 214.9106750069029 109.32985633941955
v 51.26154629251603 153.20210818762487 124.74934337960225
v -0.8560845319921087 214.9106750069029 118.42625220432086
v -0.8560845319920984 153.2021081876249 135.11618470912407
v -46.58675469962034 214.9106750069029 109.32985633941955
v -52.973715356500264 153.20210818762476 124.74934337960244
v -85.35534488378457 214.9106750069029 83.42551255611332
v -97.15690933547701 153.2021081876249 95.2270770078056
v -111.25968866709098 214.9106750069027 44.656922371949186
v -126.67917570727363 153.20210818762502 51.04388302882924
v -120.35608453199217 214.9106750069027 -1.0737477956789723
v -137.04601703679566 153.20210818762467 -1.0737477956789385
v -111.25968866709098 214.91067500690266 -46.80441796330728
v -126.67917570727376 153.20210818762487 -53.19137862018708
v -85.35534488378457 214.9106750069027 -85.57300814747147
v -97.15690933547701 153.20210818762476 -97.37457259916383
v -46.586754699620435 214.9106750069027 -111.4773519307779
v -52.97371535650039 153.20210818762467 -126.89683897096053
# 32 vertices
vt -0.17529135013920358 1.8394948242457136
vt 0.0033440802030941744 1.8394948242457145
vt 0.0033440802030941345 1.598445735107909
vt -0.20024041520514074 1.5984457351079089
vt -0.32673115554609494 1.8394948242457136
vt -0.17529135013920358 1.8394948242457136
vt -0.20024041520514074 1.5984457351079089
vt -0.3728310166855179 1.5984457351079089
vt 0.18282975766916906 1.8394948242457136
vt 0.3342695630760604 1.8394948242457136
vt 0.38036942421548386 1.5984457351079089
vt 0.20777882273510578 1.5984457351079095
vt 0.0041943273268709854 1.8394948242457145
vt 0.18282975766916906 1.8394948242457136
vt 0.20777882273510578 1.5984457351079095
vt 0.004194327326871328 1.5984457351079089
vt -0.17444110301542617 1.8394948242457136
vt 0.0041943273268709854 1.8394948242457145
vt 0.004194327326871328 1.5984457351079089
vt -0.19939016808136345 1.5984457351079102
vt -0.32588090842231765 1.8394948242457145
vt -0.17444110301542617 1.8394948242457136
vt -0.19939016808136345 1.5984457351079102
vt -0.37198076956174064 1.5984457351079098
vt 0.17529135013920358 1.8394948242457145
vt 0.3267311555460951 1.8394948242457145
vt 0.37283101668551843 1.5984457351079098
vt 0.20024041520514074 1.5984457351079095
vt -0.0033440802030941744 1.8394948242457145
vt 0.17529135013920358 1.8394948242457145
vt 0.20024041520514074 1.5984457351079095
vt -0.0033440802030941345 1.5984457351079098
vt -0.18197951054539196 1.8394948242457145
vt -0.0033440802030941744 1.8394948242457145
vt -0.0033440802030941345 1.5984457351079098
vt -0.20692857561132916 1.598445735107909
vt -0.33341931595228347 1.8394948242457145
vt -0.18197951054539196 1.8394948242457145
vt -0.20692857561132916 1.598445735107909
vt -0.37951917709170707 1.5984457351079098
vt 0.1744411030154265 1.8394948242457136
vt 0.32588090842231765 1.8394948242457145
vt 0.37198076956174064 1.5984457351079098
vt 0.19939016808136423 1.5984457351079102
vt -0.0041943273268709854 1.8394948242457136
vt 0.1744411030154265 1.8394948242457136
vt 0.19939016808136423 1.5984457351079102
vt -0.004194327326870854 1.5984457351079089
vt -0.18282975766916906 1.8394948242457136
vt -0.0041943273268709854 1.8394948242457136
vt -0.004194327326870854 1.5984457351079089
vt -0.20777882273510578 1.5984457351079095
vt -0.3342695630760604 1.8394948242457136
vt -0.18282975766916906 1.8394948242457136
vt -0.20777882273510578 1.5984457351079095
vt -0.3803694242154837 1.598445735107909
vt 0.18197951054539233 1.8394948242457136
vt 0.33341931595228347 1.8394948242457136
vt 0.37951917709170707 1.598445735107909
vt 0.20692857561132966 1.5984457351079089
vt 0.0033440802030941744 1.8394948242457145
vt 0.18197951054539233 1.8394948242457136
vt 0.20692857561132966 1.5984457351079089
vt 0.0033440802030941345 1.598445735107909
vt -0.0033440802030941744 1.4709912023268714
vt 0.17529135013920358 1.4354584059796012
vt 0.32673115554609494 1.3342695630760604
vt 0.42791999844963524 1.182829757669169
vt 0.46345279479690565 1.004194327326871
vt 0.42791999844963524 0.8255588969845739
vt 0.3267311555460951 0.6741190915776824
vt 0.17529135013920358 0.5729302486741423
vt -0.0033440802030941744 0.5373974523268716
vt -0.18197951054539196 0.5729302486741423
vt -0.33341931595228347 0.6741190915776824
vt -0.43460815885582416 0.8255588969845735
vt -0.4701409552030944 1.004194327326871
vt -0.43460815885582416 1.182829757669169
vt -0.33341931595228347 1.3342695630760604
vt -0.18197951054539233 1.4354584059796012
vt -0.20692857561132966 0.5043092227696855
vt -0.37951917709170707 0.6196305757845163
vt -0.4948405301065381 0.7922211772648942
vt -0.535336004049983 0.9958056726731291
vt -0.4948405301065376 1.1993901680813641
vt -0.37951917709170707 1.3719807695617408
vt -0.20692857561132916 1.4873021225765721
vt -0.0033440802030941345 1.527797596520016
vt 0.20024041520514074 1.4873021225765712
vt 0.37283101668551843 1.3719807695617408
vt 0.4881523697003496 1.1993901680813635
vt 0.5286478436437947 0.9958056726731287
vt 0.4881523697003496 0.7922211772648942
vt 0.3728310166855179 0.6196305757845162
vt 0.20024041520514074 0.5043092227696855
vt -0.0033440802030941345 0.46381374882624005
# 96 uvs
vn 0.241855563001253 0.5042661861502234 -0.583890980333005
vn 6.47630097698008e-17 0.5042661861502232 -0.6319990429335243
vn 1.243905808576639e-16 -0.1624004805164434 -0.6319990429335238
vn 0.24185556300125302 -0.16240048051644315 -0.5838909803330047
vn 0.4468908089617026 0.5042661861502241 -0.446890808961703
vn 0.44689080896170275 -0.1624004805164425 -0.4468908089617026
vn 0.5838909803330045 0.5042661861502248 -0.24185556300125285
vn 0.5838909803330045 -0.16240048051644193 -0.24185556300125244
vn 0.6319990429335235 0.5042661861502252 -1.5728159515523052e-16
vn 0.6319990429335237 -0.1624004805164415 2.590520390792032e-16
vn 0.5838909803330045 0.5042661861502252 0.24185556300125213
vn 0.5838909803330045 -0.16240048051644143 0.24185556300125255
vn 0.44689080896170214 0.5042661861502244 0.44689080896170275
vn 0.44689080896170214 -0.16240048051644215 0.44689080896170313
vn 0.24185556300125197 0.5042661861502231 0.5838909803330052
vn 0.24185556300125202 -0.16240048051644354 0.5838909803330056
vn 3.2381504884900397e-16 0.5042661861502228 0.6319990429335242
vn 3.793262000802618e-16 -0.16240048051644376 0.6319990429335246
vn -0.2418555630012518 0.504266186150224 0.5838909803330049
vn -0.24185556300125177 -0.16240048051644257 0.5838909803330053
vn -0.446890808961702 0.5042661861502248 0.4468908089617032
vn -0.446890808961702 -0.16240048051644185 0.4468908089617036
vn -0.5838909803330045 0.5042661861502246 0.24185556300125274
vn -0.5838909803330045 -0.16240048051644204 0.24185556300125313
vn -0.6319990429335242 0.5042661861502243 1.6653345369377348e-16
vn -0.631999042933524 -0.16240048051644237 5.828670879282072e-16
vn -0.5838909803330048 0.5042661861502244 -0.24185556300125235
vn -0.5838909803330048 -0.16240048051644218 -0.2418555630012519
vn -0.4468908089617029 0.5042661861502244 -0.4468908089617028
vn -0.44689080896170275 -0.16240048051644215 -0.44689080896170247
vn -0.24185556300125302 0.5042661861502237 -0.5838909803330049
vn -0.24185556300125297 -0.16240048051644287 -0.5838909803330045
# 32 normals
usemtl #ffc1c1c1
f 418/1660/418 417/1659/417 416/1658/416 415/1657/415 
f 420/1664/420 418/1663/418 415/1662/415 419/1661/419 
f 422/1668/422 420/1667/420 419/1666/419 421/1665/421 
f 424/1672/424 422/1671/422 421/1670/421 423/1669/423 
f 426/1676/426 424/1675/424 423/1674/423 425/1673/425 
f 428/1680/428 426/1679/426 425/1678/425 427/1677/427 
f 430/1684/430 428/1683/428 427/1682/427 429/1681/429 
f 432/1688/432 430/1687/430 429/1686/429 431/1685/431 
f 434/1692/434 432/1691/432 431/1690/431 433/1689/433 
f 436/1696/436 434/1695/434 433/1694/433 435/1693/435 
f 438/1700/438 436/1699/436 435/1698/435 437/1697/437 
f 440/1704/440 438/1703/438 437/1702/437 439/1701/439 
f 442/1708/442 440/1707/440 439/1706/439 441/1705/441 
f 444/1712/444 442/1711/442 441/1710/441 443/1709/443 
f 446/1716/446 444/1715/444 443/1714/443 445/1713/445 
f 417/1720/417 446/1719/446 445/1718/445 416/1717/416 
f 445/1736/445 443/1735/443 441/1734/441 439/1733/439 437/1732/437 435/1731/435 433/1730/433 431/1729/431 429/1728/429 427/1727/427 425/1726/425 423/1725/423 421/1724/421 419/1723/419 415/1722/415 416/1721/416 
f 417/1752/417 418/1751/418 420/1750/420 422/1749/422 424/1748/424 426/1747/426 428/1746/428 430/1745/430 432/1744/432 434/1743/434 436/1742/436 438/1741/438 440/1740/440 442/1739/442 444/1738/444 446/1737/446 
# 18 polygons
g skirt2
v 64.59471376717654 115.83214674180512 155.6500230363931
v -0.11722910661878806 115.83214674180512 168.5220287911572
v -0.7963094912394195 153.85835340180785 135.22191894063735
v 51.24863731041297 153.85835340180785 124.86953536217204
v 119.45484995365939 115.83214674180512 118.99365196324189
v 95.37021275013095 153.85835340180785 95.38844118200764
v 156.11122102681077 115.83214674180512 64.13351577675905
v 124.85130693029544 153.85835340180785 51.26686574228922
v 168.98322678157453 115.83214674180512 -0.5784270970363576
v 135.20369050876042 153.85835340180785 -0.7780810593629539
v 156.11122102681077 115.83214674180512 -65.29036997083172
v 124.85130693029544 153.85835340180785 -52.8230278610151
v 119.45484995365943 115.83214674180512 -120.15050615731471
v 95.3702127501311 153.85835340180785 -96.94460330073325
v 64.59471376717654 115.83214674180512 -156.80687723046609
v 51.24863731041297 153.85835340180785 -126.42569748089782
v -0.11722910661878806 115.83214674180512 -169.67888298522993
v -0.7963094912394195 153.85835340180785 -136.7780810593627
v -64.82917198041412 115.83214674180512 -156.80687723046609
v -52.84125629289164 153.85835340180785 -126.42569748089791
v -119.68930816689713 115.83214674180512 -120.15050615731475
v -96.96283173260993 153.85835340180785 -96.94460330073336
v -156.34567924004907 115.83214674180512 -65.29036997083179
v -126.44392591277455 153.85835340180785 -52.82302786101521
v -169.21768499481277 115.83214674180512 -0.5784270970364374
v -136.7963094912396 153.85835340180785 -0.7780810593629539
v -156.34567924004907 115.83214674180512 64.13351577675905
v -126.44392591277466 153.85835340180785 51.26686574228922
v -119.68930816689713 115.83214674180512 118.99365196324189
v -96.96283173260993 153.85835340180785 95.38844118200764
v -64.82917198041422 115.83214674180512 155.6500230363931
v -52.8412562928918 153.85835340180785 124.86953536217204
# 32 vertices
vt 0.25232310065303337 1.4524693232101762
vt -0.00045792619772964087 1.4524693232101762
vt -0.0031105839501539825 1.601009192975812
vt 0.20018998949380065 1.601009192975812
vt 0.466620507631482 0.5351810470185864
vt 0.25232310065303337 0.3919920975140895
vt 0.20018998949380065 0.5122283774915155
vt 0.372539893555199 0.6273889016327827
vt 0.6098094571359796 0.7494784539970349
vt 0.466620507631482 0.5351810470185864
vt 0.372539893555199 0.6273889016327827
vt 0.48770041769646655 0.7997388056941828
vt 0.002259480847798272 1.4524693232101762
vt -0.25052154600296506 1.4524693232101762
vt -0.20026119430581726 1.601009192975812
vt 0.0030393791381365387 1.601009192975812
vt 0.2550405076985614 1.4524693232101762
vt 0.002259480847798272 1.4524693232101762
vt 0.0030393791381365387 1.601009192975812
vt 0.20633995258209023 1.601009192975812
vt 0.46662050763148216 1.4693379146770105
vt 0.6098094571359796 1.2550405076985613
vt 0.48770041769646655 1.2063399525820901
vt 0.3725398935551996 1.3786898566434893
vt 0.25232310065303337 1.612526864181508
vt 0.46662050763148216 1.4693379146770105
vt 0.3725398935551996 1.3786898566434893
vt 0.20018998949380065 1.4938503807847572
vt 0.00045792619772964087 1.4524693232101762
vt -0.25232310065303337 1.4524693232101762
vt -0.20018998949380065 1.601009192975812
vt 0.0031105839501539825 1.601009192975812
vt 0.25323895304849264 1.4524693232101762
vt 0.00045792619772964087 1.4524693232101762
vt 0.0031105839501539825 1.601009192975812
vt 0.20641115739410798 1.601009192975812
vt -0.46753636002694193 1.4693379146770107
vt -0.25323895304849264 1.612526864181508
vt -0.20641115739410798 1.4938503807847574
vt -0.37876106145550753 1.3786898566434898
vt -0.6107253095314417 1.2550405076985616
vt -0.46753636002694193 1.4693379146770107
vt -0.37876106145550753 1.3786898566434898
vt -0.49392158559677557 1.2063399525820906
vt -0.0022594808477985834 1.4524693232101762
vt -0.2550405076985617 1.4524693232101762
vt -0.20633995258209067 1.601009192975812
vt -0.0030393791381365387 1.601009192975812
vt 0.25052154600296506 1.4524693232101762
vt -0.0022594808477985834 1.4524693232101762
vt -0.0030393791381365387 1.601009192975812
vt 0.20026119430581726 1.601009192975812
vt -0.46753636002694193 0.5351810470185864
vt -0.6107253095314417 0.7494784539970349
vt -0.493921585596776 0.7997388056941828
vt -0.37876106145550753 0.6273889016327827
vt -0.25323895304849303 0.3919920975140895
vt -0.46753636002694193 0.5351810470185864
vt -0.37876106145550753 0.6273889016327827
vt -0.2064111573941086 0.5122283774915155
vt -0.00045792619772964087 1.4524693232101762
vt -0.25323895304849303 1.4524693232101762
vt -0.2064111573941086 1.601009192975812
vt -0.0031105839501539825 1.601009192975812
vt -0.00045792619772964087 1.6582891749654578
vt 0.25232310065303337 1.6080079024859106
vt 0.466620507631482 1.4648189529814135
vt 0.6098094571359796 1.250521546002965
vt 0.6600907296155255 0.9977405191522017
vt 0.6098094571359796 0.7449594923014387
vt 0.46662050763148216 0.5306620853229894
vt 0.25232310065303337 0.38747313581849185
vt -0.00045792619772964087 0.3371918633389456
vt -0.25323895304849264 0.38747313581849185
vt -0.46753636002694193 0.5306620853229893
vt -0.6107253095314417 0.7449594923014383
vt -0.6610065820109874 0.9977405191522014
vt -0.6107253095314417 1.250521546002965
vt -0.46753636002694193 1.4648189529814135
vt -0.25323895304849303 1.6080079024859106
vt -0.2064111573941086 0.5122283774915155
vt -0.37876106145550753 0.6273889016327827
vt -0.493921585596776 0.7997388056941828
vt -0.5343605839501547 1.0030393791381365
vt -0.49392158559677557 1.2063399525820906
vt -0.37876106145550753 1.3786898566434898
vt -0.20641115739410798 1.4938503807847574
vt -0.0031105839501539825 1.5342893791381356
vt 0.20018998949380065 1.4938503807847572
vt 0.3725398935551996 1.3786898566434893
vt 0.48770041769646655 1.2063399525820901
vt 0.5281394160498454 1.0030393791381365
vt 0.48770041769646655 0.7997388056941828
vt 0.372539893555199 0.6273889016327827
vt 0.20018998949380065 0.5122283774915155
vt -0.0031105839501539825 0.47178937913813535
# 96 uvs
vn 0.18909908159837294 0.10286257353739421 0.45688505805500707
vn -0.0001699008819601259 0.10103356324167356 0.4960176055252157
vn -0.0001699008819601259 0.7677002299083403 0.4960176055252157
vn 0.18909908159837294 0.7695292402040609 0.45688505805500707
vn 0.34879514081649915 0.10417569195418053 0.3489146639109026
vn 0.34879514081649915 0.7708423586208472 0.3489146639109026
vn 0.4553138949520723 0.10478422853176712 0.18861752664490491
vn 0.4553138949520723 0.7714508951984338 0.18861752664490494
vn 0.4929916446234119 0.10460199263620455 -0.000049749664004940707
vn 0.4929916446234119 0.7712686593028711 -0.00004974966400493145
vn 0.4561683587846808 0.10365471192528826 -0.18907109366489808
vn 0.4561683587846808 0.770321378591955 -0.18907109366489808
vn 0.35000483360634765 0.10207727042804426 -0.35022443271977854
vn 0.35000483360634765 0.7687439370947109 -0.35022443271977854
vn 0.18995567615121586 0.10009854196264523 -0.4590541644757957
vn 0.18995567615121586 0.7667652086293119 -0.4590541644757957
vn -0.00017044434106631515 0.09801310374927803 -0.4985466476144451
vn -0.00017044434106631515 0.7646797704159448 -0.4985466476144451
vn -0.1915080195662411 0.09614035517372017 -0.4619792041603586
vn -0.1915080195662411 0.7628070218403868 -0.4619792041603586
vn -0.3544804887092572 0.09477486783849683 -0.3543597725267689
vn -0.3544804887092572 0.7614415345051636 -0.3543597725267689
vn -0.46356420411049987 0.09413600866781706 -0.19199401412109762
vn -0.46356420411049987 0.7608026753344838 -0.19199401412109762
vn -0.5015930938169 0.09432773075671345 -0.00005029257547021585
vn -0.5015930938169 0.7609943974233802 -0.0000502925754702066
vn -0.4627014230417361 0.0953187496024905 0.19153617051705404
vn -0.4627014230417361 0.7619854162691572 0.19153617051705404
vn -0.3532614728513665 0.09694856007247483 0.3530406798753684
vn -0.3532614728513665 0.7636152267391415 0.35304067987536847
vn -0.19064714632215626 0.09895761127594349 0.45980177541620276
vn -0.19064714632215626 0.7656242779426101 0.45980177541620276
# 32 normals
usemtl #ffc1c1c1
f 450/1756/450 449/1755/449 448/1754/448 447/1753/447 
f 452/1760/452 450/1759/450 447/1758/447 451/1757/451 
f 454/1764/454 452/1763/452 451/1762/451 453/1761/453 
f 456/1768/456 454/1767/454 453/1766/453 455/1765/455 
f 458/1772/458 456/1771/456 455/1770/455 457/1769/457 
f 460/1776/460 458/1775/458 457/1774/457 459/1773/459 
f 462/1780/462 460/1779/460 459/1778/459 461/1777/461 
f 464/1784/464 462/1783/462 461/1782/461 463/1781/463 
f 466/1788/466 464/1787/464 463/1786/463 465/1785/465 
f 468/1792/468 466/1791/466 465/1790/465 467/1789/467 
f 470/1796/470 468/1795/468 467/1794/467 469/1793/469 
f 472/1800/472 470/1799/470 469/1798/469 471/1797/471 
f 474/1804/474 472/1803/472 471/1802/471 473/1801/473 
f 476/1808/476 474/1807/474 473/1806/473 475/1805/475 
f 478/1812/478 476/1811/476 475/1810/475 477/1809/477 
f 449/1816/449 478/1815/478 477/1814/477 448/1813/448 
f 477/1832/477 475/1831/475 473/1830/473 471/1829/471 469/1828/469 467/1827/467 465/1826/465 463/1825/463 461/1824/461 459/1823/459 457/1822/457 455/1821/455 453/1820/453 451/1819/451 447/1818/447 448/1817/448 
f 449/1848/449 450/1847/450 452/1846/452 454/1845/454 456/1844/456 458/1843/458 460/1842/460 462/1841/462 464/1840/464 466/1839/466 468/1838/468 470/1837/470 472/1836/472 474/1835/474 476/1834/476 478/1833/478 
# 18 polygons
g bottom
v 15.174143108902747 213.77577178468283 0
v 29.974648454369465 210.22248482758442 0
v 28.507584736184434 210.22248482758442 9.262675772814532
v 14.431467682916612 213.77577178468283 4.689068095728432
v 24.24999999999998 210.22248482758442 17.618656304130496
v 12.276139650179793 213.77577178468283 8.919137535588845
v 17.618656304130475 210.22248482758442 24.250000000000064
v 8.919137535588767 213.77577178468283 12.2761396501798
v 9.262675772814568 210.22248482758442 28.507584736184413
v 4.689068095728423 213.77577178468283 14.431467682916692
v -2.1316282072803006e-14 210.22248482758442 29.974648454369465
v -2.1316282072803006e-14 213.77577178468283 15.174143108902742
v -9.26267577281461 210.22248482758442 28.507584736184413
v -4.68906809572848 213.77577178468283 14.431467682916692
v -17.618656304130532 210.22248482758442 24.250000000000064
v -8.91913753558881 213.77577178468283 12.2761396501798
v -24.25000000000002 210.22248482758442 17.618656304130496
v -12.276139650179836 213.77577178468283 8.919137535588845
v -28.507584736184477 210.22248482758442 9.262675772814532
v -14.431467682916654 213.77577178468283 4.689068095728432
v -29.97464845436953 210.22248482758442 0
v -15.17414310890279 213.77577178468283 0
v -28.507584736184477 210.22248482758442 -9.262675772814589
v -14.431467682916654 213.77577178468283 -4.689068095728459
v -24.25000000000002 210.22248482758442 -17.618656304130525
v -12.276139650179836 213.77577178468283 -8.919137535588789
v -17.618656304130532 210.22248482758442 -24.25
v -8.91913753558881 213.77577178468283 -12.2761396501798
v -9.26267577281461 210.22248482758442 -28.50758473618447
v -4.68906809572848 213.77577178468283 -14.431467682916633
v -2.1316282072803006e-14 210.22248482758442 -29.974648454369493
v -2.1316282072803006e-14 213.77577178468283 -15.174143108902769
v 9.262675772814568 210.22248482758442 -28.50758473618447
v 4.689068095728423 213.77577178468283 -14.431467682916633
v 17.618656304130475 210.22248482758442 -24.25
v 8.919137535588767 213.77577178468283 -12.2761396501798
v 24.24999999999998 210.22248482758442 -17.618656304130525
v 12.276139650179793 213.77577178468283 -8.919137535588789
v 28.507584736184434 210.22248482758442 -9.262675772814589
v 14.431467682916612 213.77577178468283 -4.689068095728459
v 44.03707847473601 204.3976355932262 0
v 41.88175044199921 204.3976355932262 13.608205631317249
v 35.626744868685215 204.3976355932262 25.884345281495715
v 25.884345281495676 204.3976355932262 35.62674486868525
v 13.608205631317226 204.3976355932262 41.8817504419992
v -2.1316282072803006e-14 204.3976355932262 44.0370784747361
v -13.608205631317272 204.3976355932262 41.8817504419992
v -25.884345281495722 204.3976355932262 35.62674486868525
v -35.62674486868526 204.3976355932262 25.884345281495715
v -41.881750441999266 204.3976355932262 13.608205631317249
v -44.03707847473607 204.3976355932262 0
v -41.881750441999266 204.3976355932262 -13.608205631317247
v -35.62674486868526 204.3976355932262 -25.884345281495715
v -25.884345281495722 204.3976355932262 -35.62674486868525
v -13.608205631317272 204.3976355932262 -41.88175044199923
v -2.1316282072803006e-14 204.3976355932262 -44.03707847473606
v 13.608205631317226 204.3976355932262 -41.88175044199923
v 25.884345281495676 204.3976355932262 -35.62674486868525
v 35.626744868685215 204.3976355932262 -25.884345281495715
v 41.88175044199921 204.3976355932262 -13.608205631317247
v 57.01516947237027 196.44465120132435 0
v 54.224648454369465 196.44465120132435 17.618656304130496
v 46.126241040314945 196.44465120132435 33.51267577281459
v 33.51267577281457 196.44465120132435 46.126241040315
v 17.618656304130475 196.44465120132435 54.22464845436954
v -2.1316282072803006e-14 196.44465120132435 57.015169472370275
v -17.618656304130532 196.44465120132435 54.22464845436954
v -33.512675772814596 196.44465120132435 46.126241040315
v -46.12624104031501 196.44465120132435 33.51267577281459
v -54.22464845436952 196.44465120132435 17.618656304130496
v -57.01516947237031 196.44465120132435 0
v -54.22464845436952 196.44465120132435 -17.618656304130525
v -46.12624104031501 196.44465120132435 -33.51267577281459
v -33.512675772814596 196.44465120132435 -46.12624104031497
v -17.618656304130532 196.44465120132435 -54.224648454369486
v -2.1316282072803006e-14 196.44465120132435 -57.0151694723703
v 17.618656304130475 196.44465120132435 -54.224648454369486
v 33.51267577281457 196.44465120132435 -46.12624104031497
v 46.126241040314945 196.44465120132435 -33.51267577281459
v 54.224648454369465 196.44465120132435 -17.618656304130525
v 68.58935777509564 186.55936052204964 0
v 65.23235566050329 186.55936052204964 21.19527718576728
v 55.48995607331509 186.55936052204964 40.31581296441226
v 40.31581296441232 186.55936052204964 55.48995607331513
v 21.195277185767218 186.55936052204964 65.2323556605033
v -2.1316282072803006e-14 186.55936052204964 68.58935777509572
v -21.195277185767278 186.55936052204964 65.2323556605033
v -40.31581296441239 186.55936052204964 55.48995607331513
v -55.489956073315135 186.55936052204964 40.31581296441226
v -65.23235566050332 186.55936052204964 21.19527718576728
v -68.58935777509566 186.55936052204964 0
v -65.23235566050332 186.55936052204964 -21.195277185767257
v -55.489956073315135 186.55936052204964 -40.31581296441232
v -40.31581296441239 186.55936052204964 -55.48995607331513
v -21.195277185767278 186.55936052204964 -65.2323556605033
v -2.1316282072803006e-14 186.55936052204964 -68.58935777509566
v 21.195277185767218 186.55936052204964 -65.2323556605033
v 40.31581296441232 186.55936052204964 -55.48995607331513
v 55.48995607331509 186.55936052204964 -40.31581296441369
v 65.23235566050329 186.55936052204964 -21.195277185767257
v 78.47464845436946 174.98517221932445 0
v 74.6338257764994 174.98517221932445 24.250000000000064
v 63.48732422718542 174.98517221932445 46.126241040315
v 46.126241040314945 174.98517221932445 63.48732422718547
v 24.24999999999998 174.98517221932445 74.6338257764994
v -2.1316282072803006e-14 174.98517221932445 78.47464845436949
v -24.25000000000002 174.98517221932445 74.6338257764994
v -46.12624104031501 174.98517221932445 63.48732422718547
v -63.487324227185475 174.98517221932445 46.126241040315
v -74.63382577649946 174.98517221932445 24.250000000000064
v -78.47464845436951 174.98517221932445 0
v -74.63382577649946 174.98517221932445 -24.25
v -63.487324227185475 174.98517221932445 -46.12624104031497
v -46.12624104031501 174.98517221932445 -63.48732422718544
v -24.25000000000002 174.98517221932445 -74.6338257764994
v -2.1316282072803006e-14 174.98517221932445 -78.47464845436949
v 24.24999999999998 174.98517221932445 -74.6338257764994
v 46.126241040314945 174.98517221932445 -63.48732422718544
v 63.48732422718542 174.98517221932445 -46.12624104031497
v 74.6338257764994 174.98517221932445 -24.25
v 86.42763284627193 162.00708122169056 0
v 82.19756340641155 162.00708122169056 26.70760733309649
v 69.92142375623172 162.00708122169056 50.80088797758668
v 50.80088797758662 162.00708122169056 69.92142375623166
v 26.707607333096426 162.00708122169056 82.19756340641162
v -2.1316282072803006e-14 162.00708122169056 86.42763284627195
v -26.707607333096455 162.00708122169056 82.19756340641162
v -50.80088797758669 162.00708122169056 69.92142375623166
v -69.92142375623177 162.00708122169056 50.80088797758668
v -82.1975634064116 162.00708122169056 26.70760733309649
v -86.42763284627202 162.00708122169056 0
v -82.1975634064116 162.00708122169056 -26.707607333096462
v -69.92142375623177 162.00708122169056 -50.800887977586655
v -50.80088797758669 162.00708122169056 -69.92142375623175
v -26.707607333096455 162.00708122169056 -82.19756340641153
v -2.1316282072803006e-14 162.00708122169056 -86.427632846272
v 26.707607333096426 162.00708122169056 -82.19756340641153
v 50.80088797758662 162.00708122169056 -69.92142375623175
v 69.92142375623172 162.00708122169056 -50.800887977586655
v 82.19756340641155 162.00708122169056 -26.707607333096462
v 92.2524820806299 147.94465120132446 0
v 87.73732422718541 147.94465120132446 28.507584736184413
v 74.6338257764994 147.94465120132446 54.22464845436954
v 54.224648454369465 147.94465120132446 74.6338257764994
v 28.507584736184434 147.94465120132446 87.7373242271855
v -2.1316282072803006e-14 147.94465120132446 92.25248208062995
v -28.507584736184477 147.94465120132446 87.7373242271855
v -54.22464845436952 147.94465120132446 74.6338257764994
v -74.63382577649946 147.94465120132446 54.22464845436954
v -87.73732422718547 147.94465120132446 28.507584736184413
v -92.25248208062996 147.94465120132446 0
v -87.73732422718547 147.94465120132446 -28.50758473618447
v -74.63382577649946 147.94465120132446 -54.224648454369486
v -54.22464845436952 147.94465120132446 -74.6338257764994
v -28.507584736184477 147.94465120132446 -87.73732422718547
v -2.1316282072803006e-14 147.94465120132446 -92.25248208062995
v 28.507584736184434 147.94465120132446 -87.73732422718547
v 54.224648454369465 147.94465120132446 -74.6338257764994
v 74.6338257764994 147.94465120132446 -54.224648454369486
v 87.73732422718541 147.94465120132446 -28.50758473618447
v 95.8057690377288 133.14414585585695 0
v 91.1167009420003 133.14414585585695 29.6056107918194
v 77.50849531068309 133.14414585585695 56.31321812491593
v 56.31321812491584 133.14414585585695 77.50849531068312
v 29.605610791819394 133.14414585585695 91.11670094200034
v -2.1316282072803006e-14 133.14414585585695 95.80576903772877
v -29.60561079181941 133.14414585585695 91.11670094200034
v -56.31321812491588 133.14414585585695 77.50849531068312
v -77.50849531068309 133.14414585585695 56.31321812491593
v -91.11670094200036 133.14414585585695 29.6056107918194
v -95.8057690377288 133.14414585585695 0
v -91.11670094200036 133.14414585585695 -29.6056107918194
v -77.50849531068309 133.14414585585695 -56.31321812491587
v -56.31321812491588 133.14414585585695 -77.50849531068312
v -29.60561079181941 133.14414585585695 -91.11670094200036
v -2.1316282072803006e-14 133.14414585585695 -95.8057690377288
v 29.605610791819394 133.14414585585695 -91.11670094200036
v 56.31321812491584 133.14414585585695 -77.50849531068312
v 77.50849531068309 133.14414585585695 -56.31321812491587
v 91.1167009420003 133.14414585585695 -29.6056107918194
v 97 117.97000274695455 0
v 92.2524820806299 117.97000274695455 29.974648454369465
v 78.47464845436946 117.97000274695455 57.015169472370275
v 57.01516947237027 117.97000274695455 78.47464845436949
v 29.974648454369465 117.97000274695455 92.25248208062995
v -2.1316282072803006e-14 117.97000274695455 97.00000000000003
v -29.97464845436953 117.97000274695455 92.25248208062995
v -57.01516947237031 117.97000274695455 78.47464845436949
v -78.47464845436951 117.97000274695455 57.015169472370275
v -92.25248208062996 117.97000274695455 29.974648454369465
v -97 117.97000274695455 0
v -92.25248208062996 117.97000274695455 -29.974648454369493
v -78.47464845436951 117.97000274695455 -57.0151694723703
v -57.01516947237031 117.97000274695455 -78.47464845436949
v -29.97464845436953 117.97000274695455 -92.25248208062995
v -2.1316282072803006e-14 117.97000274695455 -97
v 29.974648454369465 117.97000274695455 -92.25248208062995
v 57.01516947237027 117.97000274695455 -78.47464845436949
v 78.47464845436946 117.97000274695455 -57.0151694723703
v 92.2524820806299 117.97000274695455 -29.974648454369493
v 95.8057690377288 102.79585963805214 0
v 91.1167009420003 102.79585963805214 29.6056107918194
v 77.50849531068309 102.79585963805214 56.31321812491593
v 56.31321812491584 102.79585963805214 77.50849531068312
v 29.605610791819394 102.79585963805214 91.11670094200034
v -2.1316282072803006e-14 102.79585963805214 95.80576903772877
v -29.60561079181941 102.79585963805214 91.11670094200034
v -56.31321812491588 102.79585963805214 77.50849531068312
v -77.50849531068309 102.79585963805214 56.31321812491593
v -91.11670094200036 102.79585963805214 29.6056107918194
v -95.8057690377288 102.79585963805214 0
v -91.11670094200036 102.79585963805214 -29.6056107918194
v -77.50849531068309 102.79585963805214 -56.31321812491587
v -56.31321812491588 102.79585963805214 -77.50849531068312
v -29.60561079181941 102.79585963805214 -91.11670094200036
v -2.1316282072803006e-14 102.79585963805214 -95.8057690377288
v 29.605610791819394 102.79585963805214 -91.11670094200036
v 56.31321812491584 102.79585963805214 -77.50849531068312
v 77.50849531068309 102.79585963805214 -56.31321812491587
v 91.1167009420003 102.79585963805214 -29.6056107918194
v 92.2524820806299 87.99535429258465 0
v 87.73732422718541 87.99535429258465 28.507584736184413
v 74.6338257764994 87.99535429258465 54.22464845436954
v 54.224648454369465 87.99535429258465 74.6338257764994
v 28.507584736184434 87.99535429258465 87.7373242271855
v -2.1316282072803006e-14 87.99535429258465 92.25248208062995
v -28.507584736184477 87.99535429258465 87.7373242271855
v -54.22464845436952 87.99535429258465 74.6338257764994
v -74.63382577649946 87.99535429258465 54.22464845436954
v -87.73732422718547 87.99535429258465 28.507584736184413
v -92.25248208062996 87.99535429258465 0
v -87.73732422718547 87.99535429258465 -28.50758473618447
v -74.63382577649946 87.99535429258465 -54.224648454369486
v -54.22464845436952 87.99535429258465 -74.6338257764994
v -28.507584736184477 87.99535429258465 -87.73732422718547
v -2.1316282072803006e-14 87.99535429258465 -92.25248208062995
v 28.507584736184434 87.99535429258465 -87.73732422718547
v 54.224648454369465 87.99535429258465 -74.6338257764994
v 74.6338257764994 87.99535429258465 -54.224648454369486
v 87.73732422718541 87.99535429258465 -28.50758473618447
v 86.42763284627193 73.93292427221849 0
v 82.19756340641155 73.93292427221849 26.70760733309649
v 69.92142375623172 73.93292427221849 50.80088797758668
v 50.80088797758662 73.93292427221849 69.92142375623166
v 26.707607333096426 73.93292427221849 82.19756340641162
v -2.1316282072803006e-14 73.93292427221849 86.42763284627195
v -26.707607333096455 73.93292427221849 82.19756340641162
v -50.80088797758669 73.93292427221849 69.92142375623166
v -69.92142375623177 73.93292427221849 50.80088797758668
v -82.1975634064116 73.93292427221849 26.70760733309649
v -86.42763284627202 73.93292427221849 0
v -82.1975634064116 73.93292427221849 -26.707607333096462
v -69.92142375623177 73.93292427221849 -50.800887977586655
v -50.80088797758669 73.93292427221849 -69.92142375623175
v -26.707607333096455 73.93292427221849 -82.19756340641153
v -2.1316282072803006e-14 73.93292427221849 -86.427632846272
v 26.707607333096426 73.93292427221849 -82.19756340641153
v 50.80088797758662 73.93292427221849 -69.92142375623175
v 69.92142375623172 73.93292427221849 -50.800887977586655
v 82.19756340641155 73.93292427221849 -26.707607333096462
v 78.47464845436946 60.95483327458464 0
v 74.6338257764994 60.95483327458464 24.250000000000064
v 63.48732422718542 60.95483327458464 46.126241040315
v 46.126241040314945 60.95483327458464 63.48732422718547
v 24.24999999999998 60.95483327458464 74.6338257764994
v -2.1316282072803006e-14 60.95483327458464 78.47464845436949
v -24.25000000000002 60.95483327458464 74.6338257764994
v -46.12624104031501 60.95483327458464 63.48732422718547
v -63.487324227185475 60.95483327458464 46.126241040315
v -74.63382577649946 60.95483327458464 24.250000000000064
v -78.47464845436951 60.95483327458464 0
v -74.63382577649946 60.95483327458464 -24.25
v -63.487324227185475 60.95483327458464 -46.12624104031497
v -46.12624104031501 60.95483327458464 -63.48732422718544
v -24.25000000000002 60.95483327458464 -74.6338257764994
v -2.1316282072803006e-14 60.95483327458464 -78.47464845436949
v 24.24999999999998 60.95483327458464 -74.6338257764994
v 46.126241040314945 60.95483327458464 -63.48732422718544
v 63.48732422718542 60.95483327458464 -46.12624104031497
v 74.6338257764994 60.95483327458464 -24.25
v 68.58935777509564 49.38064497185941 0
v 65.23235566050329 49.38064497185941 21.19527718576728
v 55.48995607331509 49.38064497185941 40.31581296441226
v 40.31581296441232 49.38064497185941 55.48995607331513
v 21.195277185767218 49.38064497185941 65.2323556605033
v -2.1316282072803006e-14 49.38064497185941 68.58935777509572
v -21.195277185767278 49.38064497185941 65.2323556605033
v -40.31581296441239 49.38064497185941 55.48995607331513
v -55.489956073315135 49.38064497185941 40.315812964413745
v -65.23235566050332 49.38064497185941 21.19527718576728
v -68.58935777509566 49.38064497185941 0
v -65.23235566050332 49.38064497185941 -21.195277185767257
v -55.489956073315135 49.38064497185941 -40.31581296441232
v -40.31581296441375 49.38064497185941 -55.48995607331513
v -21.195277185767278 49.38064497185941 -65.2323556605033
v -2.1316282072803006e-14 49.38064497185941 -68.58935777509566
v 21.195277185767218 49.38064497185941 -65.2323556605033
v 40.31581296441232 49.38064497185941 -55.48995607331513
v 55.48995607331509 49.38064497185941 -40.31581296441369
v 65.23235566050329 49.38064497185941 -21.195277185767257
v 57.01516947237027 39.49535429258463 0
v 54.224648454369465 39.49535429258463 17.618656304130496
v 46.126241040314945 39.49535429258463 33.51267577281459
v 33.51267577281457 39.49535429258463 46.126241040315
v 17.618656304130475 39.49535429258463 54.22464845436954
v -2.1316282072803006e-14 39.49535429258463 57.015169472370275
v -17.618656304130532 39.49535429258463 54.22464845436954
v -33.512675772814596 39.49535429258463 46.126241040315
v -46.12624104031501 39.49535429258463 33.51267577281459
v -54.22464845436952 39.49535429258463 17.618656304130496
v -57.01516947237031 39.49535429258463 0
v -54.22464845436952 39.49535429258463 -17.618656304130525
v -46.12624104031501 39.49535429258463 -33.51267577281459
v -33.512675772814596 39.49535429258463 -46.12624104031497
v -17.618656304130532 39.49535429258463 -54.224648454369486
v -2.1316282072803006e-14 39.49535429258463 -57.0151694723703
v 17.618656304130475 39.49535429258463 -54.224648454369486
v 33.51267577281457 39.49535429258463 -46.12624104031497
v 46.126241040314945 39.49535429258463 -33.51267577281459
v 54.224648454369465 39.49535429258463 -17.618656304130525
v 44.03707847473601 31.54236990068283 0
v 41.88175044199921 31.54236990068283 13.608205631317249
v 35.626744868685215 31.54236990068283 25.884345281495715
v 25.884345281495676 31.54236990068283 35.62674486868525
v 13.608205631317226 31.54236990068283 41.8817504419992
v -2.1316282072803006e-14 31.54236990068283 44.0370784747361
v -13.608205631317272 31.54236990068283 41.8817504419992
v -25.884345281495722 31.54236990068283 35.62674486868525
v -35.62674486868526 31.54236990068283 25.884345281495715
v -41.881750441999266 31.54236990068283 13.608205631317249
v -44.03707847473607 31.54236990068283 0
v -41.881750441999266 31.54236990068283 -13.608205631317247
v -35.62674486868526 31.54236990068283 -25.884345281495715
v -25.884345281495722 31.54236990068283 -35.62674486868525
v -13.608205631317272 31.54236990068283 -41.88175044199923
v -2.1316282072803006e-14 31.54236990068283 -44.03707847473606
v 13.608205631317226 31.54236990068283 -41.88175044199923
v 25.884345281495676 31.54236990068283 -35.62674486868525
v 35.626744868685215 31.54236990068283 -25.884345281495715
v 41.88175044199921 31.54236990068283 -13.608205631317247
v 29.974648454369465 25.717520666324624 0
v 28.507584736184434 25.717520666324624 9.262675772814532
v 24.24999999999998 25.717520666324624 17.618656304130496
v 17.618656304130475 25.717520666324624 24.250000000000064
v 9.262675772814568 25.717520666324624 28.507584736184413
v -2.1316282072803006e-14 25.717520666324624 29.974648454369465
v -9.26267577281461 25.717520666324624 28.507584736184413
v -17.618656304130532 25.717520666324624 24.250000000000064
v -24.25000000000002 25.717520666324624 17.618656304130496
v -28.507584736184477 25.717520666324624 9.262675772814532
v -29.97464845436953 25.717520666324624 0
v -28.507584736184477 25.717520666324624 -9.262675772814589
v -24.25000000000002 25.717520666324624 -17.618656304130525
v -17.618656304130532 25.717520666324624 -24.25
v -9.26267577281461 25.717520666324624 -28.50758473618447
v -2.1316282072803006e-14 25.717520666324624 -29.974648454369493
v 9.262675772814568 25.717520666324624 -28.50758473618447
v 17.618656304130475 25.717520666324624 -24.25
v 24.24999999999998 25.717520666324624 -17.618656304130525
v 28.507584736184434 25.717520666324624 -9.262675772814589
v 15.174143108902747 22.16423370922614 0
v 14.431467682916612 22.16423370922614 4.689068095728432
v 12.276139650179793 22.16423370922614 8.919137535588845
v 8.919137535588767 22.16423370922614 12.2761396501798
v 4.689068095728423 22.16423370922614 14.431467682916692
v -2.1316282072803006e-14 22.16423370922614 15.174143108902742
v -4.68906809572848 22.16423370922614 14.431467682916692
v -8.91913753558881 22.16423370922614 12.2761396501798
v -12.276139650179836 22.16423370922614 8.919137535588845
v -14.431467682916654 22.16423370922614 4.689068095728432
v -15.17414310890279 22.16423370922614 0
v -14.431467682916654 22.16423370922614 -4.689068095728459
v -12.276139650179836 22.16423370922614 -8.919137535588789
v -8.91913753558881 22.16423370922614 -12.2761396501798
v -4.68906809572848 22.16423370922614 -14.431467682916633
v -2.1316282072803006e-14 22.16423370922614 -15.174143108902769
v 4.689068095728423 22.16423370922614 -14.431467682916633
v 8.919137535588767 22.16423370922614 -12.2761396501798
v 12.276139650179793 22.16423370922614 -8.919137535588789
v 14.431467682916612 22.16423370922614 -4.689068095728459
v -2.1316282072803006e-14 214.9700027469545 0
v -2.1316282072803006e-14 20.970002746954506 0
# 382 vertices
vt 0.059273996519151356 1
vt 0.11708847052488072 1
vt 0.11135775287572044 0.9638176727624432
vt 0.056372920636393015 0.9816833277510608
vt 0.056372920636393015 0.9816833277510608
vt 0.11135775287572044 0.9638176727624432
vt 0.09472656249999992 0.9311771238119902
vt 0.04795367050851482 0.9651596190016061
vt 0.04795367050851482 0.9651596190016061
vt 0.09472656249999992 0.9311771238119902
vt 0.06882287618800967 0.9052734374999998
vt 0.03484038099839362 0.9520463294914852
vt 0.03484038099839362 0.9520463294914852
vt 0.06882287618800967 0.9052734374999998
vt 0.036182327237556905 0.8886422471242796
vt 0.018316672248939153 0.9436270793636067
vt 0.018316672248939153 0.9436270793636067
vt 0.036182327237556905 0.8886422471242796
vt -8.326672684688674e-17 0.8829115294751193
vt -8.326672684688674e-17 0.9407260034808487
vt -8.326672684688674e-17 0.9407260034808487
vt -8.326672684688674e-17 0.8829115294751193
vt -0.03618232723755707 0.8886422471242796
vt -0.018316672248939375 0.9436270793636067
vt -0.018316672248939375 0.9436270793636067
vt -0.03618232723755707 0.8886422471242796
vt -0.06882287618800989 0.9052734374999998
vt -0.03484038099839379 0.9520463294914852
vt -0.03484038099839379 0.9520463294914852
vt -0.06882287618800989 0.9052734374999998
vt -0.09472656250000008 0.9311771238119902
vt -0.047953670508514984 0.9651596190016061
vt -0.047953670508514984 0.9651596190016061
vt -0.09472656250000008 0.9311771238119902
vt -0.11135775287572061 0.9638176727624432
vt -0.05637292063639318 0.9816833277510608
vt -0.05637292063639318 0.9816833277510608
vt -0.11135775287572061 0.9638176727624432
vt -0.11708847052488097 1
vt -0.05927399651915152 1
vt -0.05927399651915152 1
vt -0.11708847052488097 1
vt -0.11135775287572061 1.036182327237557
vt -0.05637292063639318 1.0183166722489392
vt -0.05637292063639318 1.0183166722489392
vt -0.11135775287572061 1.036182327237557
vt -0.09472656250000008 1.0688228761880099
vt -0.047953670508514984 1.0348403809983937
vt -0.047953670508514984 1.0348403809983937
vt -0.09472656250000008 1.0688228761880099
vt -0.06882287618800989 1.0947265625
vt -0.03484038099839379 1.0479536705085148
vt -0.03484038099839379 1.0479536705085148
vt -0.06882287618800989 1.0947265625
vt -0.03618232723755707 1.1113577528757206
vt -0.018316672248939375 1.056372920636393
vt -0.018316672248939375 1.056372920636393
vt -0.03618232723755707 1.1113577528757206
vt -8.326672684688674e-17 1.117088470524881
vt -8.326672684688674e-17 1.0592739965191513
vt -8.326672684688674e-17 1.0592739965191513
vt -8.326672684688674e-17 1.117088470524881
vt 0.036182327237556905 1.1113577528757206
vt 0.018316672248939153 1.056372920636393
vt 0.018316672248939153 1.056372920636393
vt 0.036182327237556905 1.1113577528757206
vt 0.06882287618800967 1.0947265625
vt 0.03484038099839362 1.0479536705085148
vt 0.03484038099839362 1.0479536705085148
vt 0.06882287618800967 1.0947265625
vt 0.09472656249999992 1.0688228761880099
vt 0.04795367050851482 1.0348403809983937
vt 0.04795367050851482 1.0348403809983937
vt 0.09472656249999992 1.0688228761880099
vt 0.11135775287572044 1.036182327237557
vt 0.056372920636393015 1.0183166722489392
vt 0.056372920636393015 1.0183166722489392
vt 0.11135775287572044 1.036182327237557
vt 0.11708847052488072 1
vt 0.059273996519151356 1
vt 0.11708847052488072 1
vt 0.17201983779193755 1
vt 0.1636005876640594 0.946842946752667
vt 0.11135775287572044 0.9638176727624432
vt 0.11135775287572044 0.9638176727624432
vt 0.1636005876640594 0.946842946752667
vt 0.13916697214330162 0.8988892762441574
vt 0.09472656249999992 0.9311771238119902
vt 0.09472656249999992 0.9311771238119902
vt 0.13916697214330162 0.8988892762441574
vt 0.10111072375584249 0.8608330278566982
vt 0.06882287618800967 0.9052734374999998
vt 0.06882287618800967 0.9052734374999998
vt 0.10111072375584249 0.8608330278566982
vt 0.053157053247332914 0.8363994123359406
vt 0.036182327237556905 0.8886422471242796
vt 0.036182327237556905 0.8886422471242796
vt 0.053157053247332914 0.8363994123359406
vt -8.326672684688674e-17 0.8279801622080621
vt -8.326672684688674e-17 0.8829115294751193
vt -8.326672684688674e-17 0.8829115294751193
vt -8.326672684688674e-17 0.8279801622080621
vt -0.053157053247333094 0.8363994123359406
vt -0.03618232723755707 0.8886422471242796
vt -0.03618232723755707 0.8886422471242796
vt -0.053157053247333094 0.8363994123359406
vt -0.10111072375584267 0.8608330278566982
vt -0.06882287618800989 0.9052734374999998
vt -0.06882287618800989 0.9052734374999998
vt -0.10111072375584267 0.8608330278566982
vt -0.1391669721433018 0.8988892762441574
vt -0.09472656250000008 0.9311771238119902
vt -0.09472656250000008 0.9311771238119902
vt -0.1391669721433018 0.8988892762441574
vt -0.16360058766405963 0.946842946752667
vt -0.11135775287572061 0.9638176727624432
vt -0.11135775287572061 0.9638176727624432
vt -0.16360058766405963 0.946842946752667
vt -0.17201983779193777 1
vt -0.11708847052488097 1
vt -0.11708847052488097 1
vt -0.17201983779193777 1
vt -0.16360058766405963 1.0531570532473329
vt -0.11135775287572061 1.036182327237557
vt -0.11135775287572061 1.036182327237557
vt -0.16360058766405963 1.0531570532473329
vt -0.1391669721433018 1.1011107237558426
vt -0.09472656250000008 1.0688228761880099
vt -0.09472656250000008 1.0688228761880099
vt -0.1391669721433018 1.1011107237558426
vt -0.10111072375584267 1.1391669721433018
vt -0.06882287618800989 1.0947265625
vt -0.06882287618800989 1.0947265625
vt -0.10111072375584267 1.1391669721433018
vt -0.053157053247333094 1.1636005876640594
vt -0.03618232723755707 1.1113577528757206
vt -0.03618232723755707 1.1113577528757206
vt -0.053157053247333094 1.1636005876640594
vt -8.326672684688674e-17 1.1720198377919377
vt -8.326672684688674e-17 1.117088470524881
vt -8.326672684688674e-17 1.117088470524881
vt -8.326672684688674e-17 1.1720198377919377
vt 0.053157053247332914 1.1636005876640594
vt 0.036182327237556905 1.1113577528757206
vt 0.036182327237556905 1.1113577528757206
vt 0.053157053247332914 1.1636005876640594
vt 0.10111072375584249 1.1391669721433018
vt 0.06882287618800967 1.0947265625
vt 0.06882287618800967 1.0947265625
vt 0.10111072375584249 1.1391669721433018
vt 0.13916697214330162 1.1011107237558426
vt 0.09472656249999992 1.0688228761880099
vt 0.09472656249999992 1.0688228761880099
vt 0.13916697214330162 1.1011107237558426
vt 0.1636005876640594 1.0531570532473329
vt 0.11135775287572044 1.036182327237557
vt 0.11135775287572044 1.036182327237557
vt 0.1636005876640594 1.0531570532473329
vt 0.17201983779193755 1
vt 0.11708847052488072 1
vt 0.17201983779193755 1
vt 0.22271550575144636 1
vt 0.21181503302488072 0.9311771238119902
vt 0.1636005876640594 0.946842946752667
vt 0.1636005876640594 0.946842946752667
vt 0.21181503302488072 0.9311771238119902
vt 0.18018062906373025 0.869091110262443
vt 0.13916697214330162 0.8988892762441574
vt 0.13916697214330162 0.8988892762441574
vt 0.18018062906373025 0.869091110262443
vt 0.1309088897375569 0.8198193709362696
vt 0.10111072375584249 0.8608330278566982
vt 0.10111072375584249 0.8608330278566982
vt 0.1309088897375569 0.8198193709362696
vt 0.06882287618800967 0.788184966975119
vt 0.053157053247332914 0.8363994123359406
vt 0.053157053247332914 0.8363994123359406
vt 0.06882287618800967 0.788184966975119
vt -8.326672684688674e-17 0.7772844942485536
vt -8.326672684688674e-17 0.8279801622080621
vt -8.326672684688674e-17 0.8279801622080621
vt -8.326672684688674e-17 0.7772844942485536
vt -0.06882287618800989 0.788184966975119
vt -0.053157053247333094 0.8363994123359406
vt -0.053157053247333094 0.8363994123359406
vt -0.06882287618800989 0.788184966975119
vt -0.13090888973755702 0.8198193709362696
vt -0.10111072375584267 0.8608330278566982
vt -0.10111072375584267 0.8608330278566982
vt -0.13090888973755702 0.8198193709362696
vt -0.1801806290637305 0.869091110262443
vt -0.1391669721433018 0.8988892762441574
vt -0.1391669721433018 0.8988892762441574
vt -0.1801806290637305 0.869091110262443
vt -0.21181503302488094 0.9311771238119902
vt -0.16360058766405963 0.946842946752667
vt -0.16360058766405963 0.946842946752667
vt -0.21181503302488094 0.9311771238119902
vt -0.22271550575144652 1
vt -0.17201983779193777 1
vt -0.17201983779193777 1
vt -0.22271550575144652 1
vt -0.21181503302488094 1.0688228761880099
vt -0.16360058766405963 1.0531570532473329
vt -0.16360058766405963 1.0531570532473329
vt -0.21181503302488094 1.0688228761880099
vt -0.1801806290637305 1.130908889737557
vt -0.1391669721433018 1.1011107237558426
vt -0.1391669721433018 1.1011107237558426
vt -0.1801806290637305 1.130908889737557
vt -0.13090888973755702 1.1801806290637304
vt -0.10111072375584267 1.1391669721433018
vt -0.10111072375584267 1.1391669721433018
vt -0.13090888973755702 1.1801806290637304
vt -0.06882287618800989 1.2118150330248807
vt -0.053157053247333094 1.1636005876640594
vt -0.053157053247333094 1.1636005876640594
vt -0.06882287618800989 1.2118150330248807
vt -8.326672684688674e-17 1.2227155057514465
vt -8.326672684688674e-17 1.1720198377919377
vt -8.326672684688674e-17 1.1720198377919377
vt -8.326672684688674e-17 1.2227155057514465
vt 0.06882287618800967 1.2118150330248807
vt 0.053157053247332914 1.1636005876640594
vt 0.053157053247332914 1.1636005876640594
vt 0.06882287618800967 1.2118150330248807
vt 0.1309088897375569 1.1801806290637304
vt 0.10111072375584249 1.1391669721433018
vt 0.10111072375584249 1.1391669721433018
vt 0.1309088897375569 1.1801806290637304
vt 0.18018062906373025 1.130908889737557
vt 0.13916697214330162 1.1011107237558426
vt 0.13916697214330162 1.1011107237558426
vt 0.18018062906373025 1.130908889737557
vt 0.21181503302488072 1.0688228761880099
vt 0.1636005876640594 1.0531570532473329
vt 0.1636005876640594 1.0531570532473329
vt 0.21181503302488072 1.0688228761880099
vt 0.22271550575144636 1
vt 0.17201983779193755 1
vt 0.22271550575144636 1
vt 0.2679271788089673 1
vt 0.25481388929884097 0.9172059484930966
vt 0.21181503302488072 0.9311771238119902
vt 0.21181503302488072 0.9311771238119902
vt 0.25481388929884097 0.9172059484930966
vt 0.21675764091138708 0.8425163556077646
vt 0.18018062906373025 0.869091110262443
vt 0.18018062906373025 0.869091110262443
vt 0.21675764091138708 0.8425163556077646
vt 0.15748364439223564 0.7832423590886128
vt 0.1309088897375569 0.8198193709362696
vt 0.1309088897375569 0.8198193709362696
vt 0.15748364439223564 0.7832423590886128
vt 0.0827940515069032 0.745186110701159
vt 0.06882287618800967 0.788184966975119
vt 0.06882287618800967 0.788184966975119
vt 0.0827940515069032 0.745186110701159
vt -8.326672684688674e-17 0.7320728211910323
vt -8.326672684688674e-17 0.7772844942485536
vt -8.326672684688674e-17 0.7772844942485536
vt -8.326672684688674e-17 0.7320728211910323
vt -0.08279405150690343 0.745186110701159
vt -0.06882287618800989 0.788184966975119
vt -0.06882287618800989 0.788184966975119
vt -0.08279405150690343 0.745186110701159
vt -0.1574836443922359 0.7832423590886128
vt -0.13090888973755702 0.8198193709362696
vt -0.13090888973755702 0.8198193709362696
vt -0.1574836443922359 0.7832423590886128
vt -0.21675764091138724 0.8425163556077646
vt -0.1801806290637305 0.869091110262443
vt -0.1801806290637305 0.869091110262443
vt -0.21675764091138724 0.8425163556077646
vt -0.2548138892988411 0.9172059484930966
vt -0.21181503302488094 0.9311771238119902
vt -0.21181503302488094 0.9311771238119902
vt -0.2548138892988411 0.9172059484930966
vt -0.26792717880896744 1
vt -0.22271550575144652 1
vt -0.22271550575144652 1
vt -0.26792717880896744 1
vt -0.2548138892988411 1.0827940515069034
vt -0.21181503302488094 1.0688228761880099
vt -0.21181503302488094 1.0688228761880099
vt -0.2548138892988411 1.0827940515069034
vt -0.21675764091138724 1.1574836443922356
vt -0.1801806290637305 1.130908889737557
vt -0.1801806290637305 1.130908889737557
vt -0.21675764091138724 1.1574836443922356
vt -0.1574836443922359 1.2167576409113872
vt -0.13090888973755702 1.1801806290637304
vt -0.13090888973755702 1.1801806290637304
vt -0.1574836443922359 1.2167576409113872
vt -0.08279405150690343 1.254813889298841
vt -0.06882287618800989 1.2118150330248807
vt -0.06882287618800989 1.2118150330248807
vt -0.08279405150690343 1.254813889298841
vt -8.326672684688674e-17 1.2679271788089674
vt -8.326672684688674e-17 1.2227155057514465
vt -8.326672684688674e-17 1.2227155057514465
vt -8.326672684688674e-17 1.2679271788089674
vt 0.0827940515069032 1.254813889298841
vt 0.06882287618800967 1.2118150330248807
vt 0.06882287618800967 1.2118150330248807
vt 0.0827940515069032 1.254813889298841
vt 0.15748364439223564 1.2167576409113872
vt 0.1309088897375569 1.1801806290637304
vt 0.1309088897375569 1.1801806290637304
vt 0.15748364439223564 1.2167576409113872
vt 0.21675764091138708 1.157483644392241
vt 0.18018062906373025 1.130908889737557
vt 0.18018062906373025 1.130908889737557
vt 0.21675764091138708 1.157483644392241
vt 0.25481388929884097 1.0827940515069034
vt 0.21181503302488072 1.0688228761880099
vt 0.21181503302488072 1.0688228761880099
vt 0.25481388929884097 1.0827940515069034
vt 0.2679271788089673 1
vt 0.22271550575144636 1
vt 0 1.7287475020392564
vt 0 1.6835358289817361
vt -0.09472656250000025 1.6835358289817361
vt -0.08279405150690344 1.7287475020392564
vt -0.08279405150690344 1.7287475020392564
vt -0.09472656250000025 1.6835358289817361
vt -0.18018062906373047 1.6835358289817361
vt -0.1574836443922354 1.7287475020392564
vt 0.21675764091138708 0.8425163556077646
vt 0.24799736026244304 0.8198193709362696
vt 0.18018062906373025 0.7520026397375568
vt 0.15748364439223564 0.7832423590886128
vt 0.15748364439223564 1.7287475020392564
vt 0.18018062906373025 1.6835358289817361
vt 0.09472656249999992 1.6835358289817361
vt 0.0827940515069032 1.7287475020392564
vt 0.0827940515069032 1.7287475020392564
vt 0.09472656249999992 1.6835358289817361
vt -8.326672684688674e-17 1.6835358289817361
vt -8.326672684688674e-17 1.7287475020392564
vt -8.326672684688674e-17 1.7287475020392564
vt -8.326672684688674e-17 1.6835358289817361
vt -0.09472656250000008 1.6835358289817361
vt -0.08279405150690343 1.7287475020392564
vt -0.08279405150690343 1.7287475020392564
vt -0.09472656250000008 1.6835358289817361
vt -0.1801806290637305 1.6835358289817361
vt -0.1574836443922359 1.7287475020392564
vt -0.1574836443922359 0.7832423590886128
vt -0.1801806290637305 0.7520026397375568
vt -0.24799736026244326 0.8198193709362696
vt -0.21675764091138724 0.8425163556077646
vt 0.1574836443922354 1.7287475020392564
vt 0.18018062906373047 1.6835358289817361
vt 0.09472656250000025 1.6835358289817361
vt 0.08279405150690344 1.7287475020392564
vt 0.08279405150690344 1.7287475020392564
vt 0.09472656250000025 1.6835358289817361
vt 0 1.6835358289817361
vt 0 1.7287475020392564
vt 0 1.7287475020392564
vt 0 1.6835358289817361
vt -0.0947265625 1.6835358289817361
vt -0.08279405150690335 1.7287475020392564
vt -0.08279405150690335 1.7287475020392564
vt -0.0947265625 1.6835358289817361
vt -0.18018062906373036 1.6835358289817361
vt -0.15748364439223564 1.7287475020392564
vt -0.21675764091138724 1.1574836443922356
vt -0.24799736026244326 1.1801806290637304
vt -0.1801806290637305 1.2479973602624432
vt -0.1574836443922359 1.2167576409113872
vt 0.1574836443922359 1.7287475020392564
vt 0.1801806290637305 1.6835358289817361
vt 0.09472656250000008 1.6835358289817361
vt 0.08279405150690343 1.7287475020392564
vt 0.08279405150690343 1.7287475020392564
vt 0.09472656250000008 1.6835358289817361
vt 8.326672684688674e-17 1.6835358289817361
vt 8.326672684688674e-17 1.7287475020392564
vt 8.326672684688674e-17 1.7287475020392564
vt 8.326672684688674e-17 1.6835358289817361
vt -0.09472656249999992 1.6835358289817361
vt -0.0827940515069032 1.7287475020392564
vt -0.0827940515069032 1.7287475020392564
vt -0.09472656249999992 1.6835358289817361
vt -0.18018062906373025 1.6835358289817361
vt -0.15748364439223564 1.7287475020392564
vt 0.15748364439223564 1.2167576409113872
vt 0.18018062906373025 1.2479973602624432
vt 0.24799736026244304 1.1801806290637304
vt 0.21675764091138708 1.157483644392241
vt 0.15748364439224097 1.7287475020392564
vt 0.18018062906373036 1.6835358289817361
vt 0.0947265625 1.6835358289817361
vt 0.08279405150690335 1.7287475020392564
vt 0.08279405150690335 1.7287475020392564
vt 0.0947265625 1.6835358289817361
vt 0 1.6835358289817361
vt 0 1.7287475020392564
vt 0 1.6835358289817361
vt 0 1.6328401610222287
vt -0.10432659114490817 1.6328401610222287
vt -0.09472656250000025 1.6835358289817361
vt -0.09472656250000025 1.6835358289817361
vt -0.10432659114490817 1.6328401610222287
vt -0.19844096866244798 1.6328401610222287
vt -0.18018062906373047 1.6835358289817361
vt 0.24799736026244304 1.6835358289817361
vt 0.27313056154778015 1.6328401610222287
vt 0.19844096866244773 1.6328401610222287
vt 0.18018062906373025 1.6835358289817361
vt 0.18018062906373025 1.6835358289817361
vt 0.19844096866244773 1.6328401610222287
vt 0.10432659114490792 1.6328401610222287
vt 0.09472656249999992 1.6835358289817361
vt 0.09472656249999992 1.6835358289817361
vt 0.10432659114490792 1.6328401610222287
vt -8.326672684688674e-17 1.6328401610222287
vt -8.326672684688674e-17 1.6835358289817361
vt -8.326672684688674e-17 1.6835358289817361
vt -8.326672684688674e-17 1.6328401610222287
vt -0.10432659114490803 1.6328401610222287
vt -0.09472656250000008 1.6835358289817361
vt -0.09472656250000008 1.6835358289817361
vt -0.10432659114490803 1.6328401610222287
vt -0.198440968662448 1.6328401610222287
vt -0.1801806290637305 1.6835358289817361
vt -0.1801806290637305 1.6835358289817361
vt -0.198440968662448 1.6328401610222287
vt -0.27313056154778037 1.6328401610222287
vt -0.24799736026244326 1.6835358289817361
vt 0.18018062906373047 1.6835358289817361
vt 0.19844096866244798 1.6328401610222287
vt 0.10432659114490817 1.6328401610222287
vt 0.09472656250000025 1.6835358289817361
vt 0.09472656250000025 1.6835358289817361
vt 0.10432659114490817 1.6328401610222287
vt 0 1.6328401610222287
vt 0 1.6835358289817361
vt 0 1.6835358289817361
vt 0 1.6328401610222287
vt -0.10432659114490805 1.6328401610222287
vt -0.0947265625 1.6835358289817361
vt -0.0947265625 1.6835358289817361
vt -0.10432659114490805 1.6328401610222287
vt -0.19844096866244787 1.6328401610222287
vt -0.18018062906373036 1.6835358289817361
vt -0.18018062906373036 1.6835358289817361
vt -0.19844096866244787 1.6328401610222287
vt -0.27313056154778026 1.6328401610222287
vt -0.24799736026244312 1.6835358289817361
vt 0.1801806290637305 1.6835358289817361
vt 0.198440968662448 1.6328401610222287
vt 0.10432659114490803 1.6328401610222287
vt 0.09472656250000008 1.6835358289817361
vt 0.09472656250000008 1.6835358289817361
vt 0.10432659114490803 1.6328401610222287
vt 8.326672684688674e-17 1.6328401610222287
vt 8.326672684688674e-17 1.6835358289817361
vt 8.326672684688674e-17 1.6835358289817361
vt 8.326672684688674e-17 1.6328401610222287
vt -0.10432659114490792 1.6328401610222287
vt -0.09472656249999992 1.6835358289817361
vt -0.09472656249999992 1.6835358289817361
vt -0.10432659114490792 1.6328401610222287
vt -0.19844096866244773 1.6328401610222287
vt -0.18018062906373025 1.6835358289817361
vt 0.24799736026244312 1.6835358289817361
vt 0.27313056154778026 1.6328401610222287
vt 0.19844096866244787 1.6328401610222287
vt 0.18018062906373036 1.6835358289817361
vt 0.18018062906373036 1.6835358289817361
vt 0.19844096866244787 1.6328401610222287
vt 0.10432659114490805 1.6328401610222287
vt 0.0947265625 1.6835358289817361
vt 0.0947265625 1.6835358289817361
vt 0.10432659114490805 1.6328401610222287
vt 0 1.6328401610222287
vt 0 1.6835358289817361
vt 0 1.6328401610222287
vt 0 1.5779087937551737
vt -0.11135775287572036 1.5779087937551737
vt -0.10432659114490817 1.6328401610222287
vt -0.10432659114490817 1.6328401610222287
vt -0.11135775287572036 1.5779087937551737
vt -0.21181503302488103 1.5779087937551737
vt -0.19844096866244798 1.6328401610222287
vt 0.27313056154778015 1.6328401610222287
vt 0.2915383819394508 1.5779087937551737
vt 0.21181503302488072 1.5779087937551737
vt 0.19844096866244773 1.6328401610222287
vt 0.19844096866244773 1.6328401610222287
vt 0.21181503302488072 1.5779087937551737
vt 0.11135775287572044 1.5779087937551737
vt 0.10432659114490792 1.6328401610222287
vt 0.10432659114490792 1.6328401610222287
vt 0.11135775287572044 1.5779087937551737
vt -8.326672684688674e-17 1.5779087937551737
vt -8.326672684688674e-17 1.6328401610222287
vt -8.326672684688674e-17 1.6328401610222287
vt -8.326672684688674e-17 1.5779087937551737
vt -0.11135775287572061 1.5779087937551737
vt -0.10432659114490803 1.6328401610222287
vt -0.10432659114490803 1.6328401610222287
vt -0.11135775287572061 1.5779087937551737
vt -0.21181503302488094 1.5779087937551737
vt -0.198440968662448 1.6328401610222287
vt -0.198440968662448 1.6328401610222287
vt -0.21181503302488094 1.5779087937551737
vt -0.29153838193945103 1.5779087937551737
vt -0.27313056154778037 1.6328401610222287
vt 0.19844096866244798 1.6328401610222287
vt 0.21181503302488103 1.5779087937551737
vt 0.11135775287572036 1.5779087937551737
vt 0.10432659114490817 1.6328401610222287
vt 0.10432659114490817 1.6328401610222287
vt 0.11135775287572036 1.5779087937551737
vt 0 1.5779087937551737
vt 0 1.6328401610222287
vt 0 1.6328401610222287
vt 0 1.5779087937551737
vt -0.11135775287572058 1.5779087937551737
vt -0.10432659114490805 1.6328401610222287
vt -0.10432659114490805 1.6328401610222287
vt -0.11135775287572058 1.5779087937551737
vt -0.2118150330248808 1.5779087937551737
vt -0.19844096866244787 1.6328401610222287
vt -0.19844096866244787 1.6328401610222287
vt -0.2118150330248808 1.5779087937551737
vt -0.2915383819394508 1.5779087937551737
vt -0.27313056154778026 1.6328401610222287
vt 0.198440968662448 1.6328401610222287
vt 0.21181503302488094 1.5779087937551737
vt 0.11135775287572061 1.5779087937551737
vt 0.10432659114490803 1.6328401610222287
vt 0.10432659114490803 1.6328401610222287
vt 0.11135775287572061 1.5779087937551737
vt 8.326672684688674e-17 1.5779087937551737
vt 8.326672684688674e-17 1.6328401610222287
vt 8.326672684688674e-17 1.6328401610222287
vt 8.326672684688674e-17 1.5779087937551737
vt -0.11135775287572044 1.5779087937551737
vt -0.10432659114490792 1.6328401610222287
vt -0.10432659114490792 1.6328401610222287
vt -0.11135775287572044 1.5779087937551737
vt -0.21181503302488072 1.5779087937551737
vt -0.19844096866244773 1.6328401610222287
vt 0.27313056154778026 1.6328401610222287
vt 0.2915383819394508 1.5779087937551737
vt 0.2118150330248808 1.5779087937551737
vt 0.19844096866244787 1.6328401610222287
vt 0.19844096866244787 1.6328401610222287
vt 0.2118150330248808 1.5779087937551737
vt 0.11135775287572058 1.5779087937551737
vt 0.10432659114490805 1.6328401610222287
vt 0.10432659114490805 1.6328401610222287
vt 0.11135775287572058 1.5779087937551737
vt 0 1.5779087937551737
vt 0 1.6328401610222287
vt 0 1.5779087937551737
vt 0 1.5200943197494412
vt -0.11564691715554454 1.5200943197494412
vt -0.11135775287572036 1.5779087937551737
vt -0.11135775287572036 1.5779087937551737
vt -0.11564691715554454 1.5200943197494412
vt -0.21997350830045284 1.5200943197494412
vt -0.21181503302488103 1.5779087937551737
vt 0.2915383819394508 1.5779087937551737
vt 0.3027675598073558 1.5200943197494412
vt 0.2199735083004525 1.5200943197494412
vt 0.21181503302488072 1.5779087937551737
vt 0.21181503302488072 1.5779087937551737
vt 0.2199735083004525 1.5200943197494412
vt 0.11564691715554451 1.5200943197494412
vt 0.11135775287572044 1.5779087937551737
vt 0.11135775287572044 1.5779087937551737
vt 0.11564691715554451 1.5200943197494412
vt -8.326672684688674e-17 1.5200943197494412
vt -8.326672684688674e-17 1.5779087937551737
vt -8.326672684688674e-17 1.5779087937551737
vt -8.326672684688674e-17 1.5200943197494412
vt -0.11564691715554457 1.5200943197494412
vt -0.11135775287572061 1.5779087937551737
vt -0.11135775287572061 1.5779087937551737
vt -0.11564691715554457 1.5200943197494412
vt -0.21997350830045265 1.5200943197494412
vt -0.21181503302488094 1.5779087937551737
vt -0.21181503302488094 1.5779087937551737
vt -0.21997350830045265 1.5200943197494412
vt -0.3027675598073558 1.5200943197494412
vt -0.29153838193945103 1.5779087937551737
vt 0.21181503302488103 1.5779087937551737
vt 0.21997350830045284 1.5200943197494412
vt 0.11564691715554454 1.5200943197494412
vt 0.11135775287572036 1.5779087937551737
vt 0.11135775287572036 1.5779087937551737
vt 0.11564691715554454 1.5200943197494412
vt 0 1.5200943197494412
vt 0 1.5779087937551737
vt 0 1.5779087937551737
vt 0 1.5200943197494412
vt -0.11564691715554454 1.5200943197494412
vt -0.11135775287572058 1.5779087937551737
vt -0.11135775287572058 1.5779087937551737
vt -0.11564691715554454 1.5200943197494412
vt -0.21997350830045262 1.5200943197494412
vt -0.2118150330248808 1.5779087937551737
vt 0.29153838193945103 1.5779087937551737
vt 0.3027675598073558 1.5200943197494412
vt 0.21997350830045265 1.5200943197494412
vt 0.21181503302488094 1.5779087937551737
vt 0.21181503302488094 1.5779087937551737
vt 0.21997350830045265 1.5200943197494412
vt 0.11564691715554457 1.5200943197494412
vt 0.11135775287572061 1.5779087937551737
vt 0.11135775287572061 1.5779087937551737
vt 0.11564691715554457 1.5200943197494412
vt 8.326672684688674e-17 1.5200943197494412
vt 8.326672684688674e-17 1.5779087937551737
vt 8.326672684688674e-17 1.5779087937551737
vt 8.326672684688674e-17 1.5200943197494412
vt -0.11564691715554451 1.5200943197494412
vt -0.11135775287572044 1.5779087937551737
vt -0.11135775287572044 1.5779087937551737
vt -0.11564691715554451 1.5200943197494412
vt -0.2199735083004525 1.5200943197494412
vt -0.21181503302488072 1.5779087937551737
vt -0.21181503302488072 1.5779087937551737
vt -0.2199735083004525 1.5200943197494412
vt -0.3027675598073558 1.5200943197494412
vt -0.2915383819394508 1.5779087937551737
vt 0.2118150330248808 1.5779087937551737
vt 0.21997350830045262 1.5200943197494412
vt 0.11564691715554454 1.5200943197494412
vt 0.11135775287572058 1.5779087937551737
vt 0.11135775287572058 1.5779087937551737
vt 0.11564691715554454 1.5200943197494412
vt 0 1.5200943197494412
vt 0 1.5779087937551737
vt 0 1.5200943197494412
vt 0 1.4608203232302912
vt -0.11708847052488072 1.4608203232302912
vt -0.11564691715554454 1.5200943197494412
vt -0.11564691715554454 1.5200943197494412
vt -0.11708847052488072 1.4608203232302912
vt -0.22271550575144639 1.4608203232302912
vt -0.21997350830045284 1.5200943197494412
vt 0.3027675598073558 1.5200943197494412
vt 0.3065415955248807 1.4608203232302912
vt 0.22271550575144636 1.4608203232302912
vt 0.2199735083004525 1.5200943197494412
vt 0.2199735083004525 1.5200943197494412
vt 0.22271550575144636 1.4608203232302912
vt 0.11708847052488072 1.4608203232302912
vt 0.11564691715554451 1.5200943197494412
vt 0.11564691715554451 1.5200943197494412
vt 0.11708847052488072 1.4608203232302912
vt -8.326672684688674e-17 1.4608203232302912
vt -8.326672684688674e-17 1.5200943197494412
vt -8.326672684688674e-17 1.5200943197494412
vt -8.326672684688674e-17 1.4608203232302912
vt -0.11708847052488097 1.4608203232302912
vt -0.11564691715554457 1.5200943197494412
vt -0.11564691715554457 1.5200943197494412
vt -0.11708847052488097 1.4608203232302912
vt -0.22271550575144652 1.4608203232302912
vt -0.21997350830045265 1.5200943197494412
vt -0.21997350830045265 1.5200943197494412
vt -0.22271550575144652 1.4608203232302912
vt -0.3065415955248809 1.4608203232302912
vt -0.3027675598073558 1.5200943197494412
vt 0.21997350830045284 1.5200943197494412
vt 0.22271550575144639 1.4608203232302912
vt 0.11708847052488072 1.4608203232302912
vt 0.11564691715554454 1.5200943197494412
vt 0.11564691715554454 1.5200943197494412
vt 0.11708847052488072 1.4608203232302912
vt 0 1.4608203232302912
vt 0 1.5200943197494412
vt 0 1.5200943197494412
vt 0 1.4608203232302912
vt -0.11708847052488083 1.4608203232302912
vt -0.11564691715554454 1.5200943197494412
vt -0.11564691715554454 1.5200943197494412
vt -0.11708847052488083 1.4608203232302912
vt -0.2227155057514465 1.4608203232302912
vt -0.21997350830045262 1.5200943197494412
vt -0.21997350830045262 1.5200943197494412
vt -0.2227155057514465 1.4608203232302912
vt -0.3065415955248808 1.4608203232302912
vt -0.3027675598073559 1.5200943197494412
vt 0.21997350830045265 1.5200943197494412
vt 0.22271550575144652 1.4608203232302912
vt 0.11708847052488097 1.4608203232302912
vt 0.11564691715554457 1.5200943197494412
vt 0.11564691715554457 1.5200943197494412
vt 0.11708847052488097 1.4608203232302912
vt 8.326672684688674e-17 1.4608203232302912
vt 8.326672684688674e-17 1.5200943197494412
vt 8.326672684688674e-17 1.5200943197494412
vt 8.326672684688674e-17 1.4608203232302912
vt -0.11708847052488072 1.4608203232302912
vt -0.11564691715554451 1.5200943197494412
vt -0.11564691715554451 1.5200943197494412
vt -0.11708847052488072 1.4608203232302912
vt -0.22271550575144636 1.4608203232302912
vt -0.2199735083004525 1.5200943197494412
vt -0.2199735083004525 1.5200943197494412
vt -0.22271550575144636 1.4608203232302912
vt -0.3065415955248807 1.4608203232302912
vt -0.3027675598073558 1.5200943197494412
vt 0.21997350830045262 1.5200943197494412
vt 0.2227155057514465 1.4608203232302912
vt 0.11708847052488083 1.4608203232302912
vt 0.11564691715554454 1.5200943197494412
vt 0.11564691715554454 1.5200943197494412
vt 0.11708847052488083 1.4608203232302912
vt 0 1.4608203232302912
vt 0 1.5200943197494412
vt 0 1.4608203232302912
vt 0 1.4015463267111412
vt -0.11564691715554454 1.4015463267111412
vt -0.11708847052488072 1.4608203232302912
vt -0.11708847052488072 1.4608203232302912
vt -0.11564691715554454 1.4015463267111412
vt -0.21997350830045284 1.4015463267111412
vt -0.22271550575144639 1.4608203232302912
vt 0.3065415955248807 1.4608203232302912
vt 0.3027675598073558 1.4015463267111412
vt 0.2199735083004525 1.4015463267111412
vt 0.22271550575144636 1.4608203232302912
vt 0.22271550575144636 1.4608203232302912
vt 0.2199735083004525 1.4015463267111412
vt 0.11564691715554451 1.4015463267111412
vt 0.11708847052488072 1.4608203232302912
vt 0.11708847052488072 1.4608203232302912
vt 0.11564691715554451 1.4015463267111412
vt -8.326672684688674e-17 1.4015463267111412
vt -8.326672684688674e-17 1.4608203232302912
vt -8.326672684688674e-17 1.4608203232302912
vt -8.326672684688674e-17 1.4015463267111412
vt -0.11564691715554457 1.4015463267111412
vt -0.11708847052488097 1.4608203232302912
vt -0.11708847052488097 1.4608203232302912
vt -0.11564691715554457 1.4015463267111412
vt -0.21997350830045265 1.4015463267111412
vt -0.22271550575144652 1.4608203232302912
vt -0.22271550575144652 1.4608203232302912
vt -0.21997350830045265 1.4015463267111412
vt -0.3027675598073558 1.4015463267111412
vt -0.3065415955248809 1.4608203232302912
vt 0.22271550575144639 1.4608203232302912
vt 0.21997350830045284 1.4015463267111412
vt 0.11564691715554454 1.4015463267111412
vt 0.11708847052488072 1.4608203232302912
vt 0.11708847052488072 1.4608203232302912
vt 0.11564691715554454 1.4015463267111412
vt 0 1.4015463267111412
vt 0 1.4608203232302912
vt 0 1.4608203232302912
vt 0 1.4015463267111412
vt -0.11564691715554454 1.4015463267111412
vt -0.11708847052488083 1.4608203232302912
vt -0.11708847052488083 1.4608203232302912
vt -0.11564691715554454 1.4015463267111412
vt -0.21997350830045262 1.4015463267111412
vt -0.2227155057514465 1.4608203232302912
vt -0.2227155057514465 1.4608203232302912
vt -0.21997350830045262 1.4015463267111412
vt -0.3027675598073559 1.4015463267111412
vt -0.3065415955248808 1.4608203232302912
vt 0.22271550575144652 1.4608203232302912
vt 0.21997350830045265 1.4015463267111412
vt 0.11564691715554457 1.4015463267111412
vt 0.11708847052488097 1.4608203232302912
vt 0.11708847052488097 1.4608203232302912
vt 0.11564691715554457 1.4015463267111412
vt 8.326672684688674e-17 1.4015463267111412
vt 8.326672684688674e-17 1.4608203232302912
vt 8.326672684688674e-17 1.4608203232302912
vt 8.326672684688674e-17 1.4015463267111412
vt -0.11564691715554451 1.4015463267111412
vt -0.11708847052488072 1.4608203232302912
vt -0.11708847052488072 1.4608203232302912
vt -0.11564691715554451 1.4015463267111412
vt -0.2199735083004525 1.4015463267111412
vt -0.22271550575144636 1.4608203232302912
vt 0.3065415955248808 1.4608203232302912
vt 0.3027675598073559 1.4015463267111412
vt 0.21997350830045262 1.4015463267111412
vt 0.2227155057514465 1.4608203232302912
vt 0.2227155057514465 1.4608203232302912
vt 0.21997350830045262 1.4015463267111412
vt 0.11564691715554454 1.4015463267111412
vt 0.11708847052488083 1.4608203232302912
vt 0.11708847052488083 1.4608203232302912
vt 0.11564691715554454 1.4015463267111412
vt 0 1.4015463267111412
vt 0 1.4608203232302912
vt 0 1.4015463267111412
vt 0 1.3437318527054087
vt -0.11135775287572036 1.3437318527054087
vt -0.11564691715554454 1.4015463267111412
vt -0.11564691715554454 1.4015463267111412
vt -0.11135775287572036 1.3437318527054087
vt -0.21181503302488103 1.3437318527054087
vt -0.21997350830045284 1.4015463267111412
vt 0.3027675598073558 1.4015463267111412
vt 0.2915383819394508 1.3437318527054087
vt 0.21181503302488072 1.3437318527054087
vt 0.2199735083004525 1.4015463267111412
vt 0.2199735083004525 1.4015463267111412
vt 0.21181503302488072 1.3437318527054087
vt 0.11135775287572044 1.3437318527054087
vt 0.11564691715554451 1.4015463267111412
vt 0.11564691715554451 1.4015463267111412
vt 0.11135775287572044 1.3437318527054087
vt -8.326672684688674e-17 1.3437318527054087
vt -8.326672684688674e-17 1.4015463267111412
vt -8.326672684688674e-17 1.4015463267111412
vt -8.326672684688674e-17 1.3437318527054087
vt -0.11135775287572061 1.3437318527054087
vt -0.11564691715554457 1.4015463267111412
vt -0.11564691715554457 1.4015463267111412
vt -0.11135775287572061 1.3437318527054087
vt -0.21181503302488094 1.3437318527054087
vt -0.21997350830045265 1.4015463267111412
vt -0.21997350830045265 1.4015463267111412
vt -0.21181503302488094 1.3437318527054087
vt -0.29153838193945103 1.3437318527054087
vt -0.3027675598073558 1.4015463267111412
vt 0.21997350830045284 1.4015463267111412
vt 0.21181503302488103 1.3437318527054087
vt 0.11135775287572036 1.3437318527054087
vt 0.11564691715554454 1.4015463267111412
vt 0.11564691715554454 1.4015463267111412
vt 0.11135775287572036 1.3437318527054087
vt 0 1.3437318527054087
vt 0 1.4015463267111412
vt 0 1.4015463267111412
vt 0 1.3437318527054087
vt -0.11135775287572058 1.3437318527054087
vt -0.11564691715554454 1.4015463267111412
vt -0.11564691715554454 1.4015463267111412
vt -0.11135775287572058 1.3437318527054087
vt -0.2118150330248808 1.3437318527054087
vt -0.21997350830045262 1.4015463267111412
vt -0.21997350830045262 1.4015463267111412
vt -0.2118150330248808 1.3437318527054087
vt -0.2915383819394508 1.3437318527054087
vt -0.3027675598073559 1.4015463267111412
vt 0.21997350830045265 1.4015463267111412
vt 0.21181503302488094 1.3437318527054087
vt 0.11135775287572061 1.3437318527054087
vt 0.11564691715554457 1.4015463267111412
vt 0.11564691715554457 1.4015463267111412
vt 0.11135775287572061 1.3437318527054087
vt 8.326672684688674e-17 1.3437318527054087
vt 8.326672684688674e-17 1.4015463267111412
vt 8.326672684688674e-17 1.4015463267111412
vt 8.326672684688674e-17 1.3437318527054087
vt -0.11135775287572044 1.3437318527054087
vt -0.11564691715554451 1.4015463267111412
vt -0.11564691715554451 1.4015463267111412
vt -0.11135775287572044 1.3437318527054087
vt -0.21181503302488072 1.3437318527054087
vt -0.2199735083004525 1.4015463267111412
vt 0.3027675598073559 1.4015463267111412
vt 0.2915383819394508 1.3437318527054087
vt 0.2118150330248808 1.3437318527054087
vt 0.21997350830045262 1.4015463267111412
vt 0.21997350830045262 1.4015463267111412
vt 0.2118150330248808 1.3437318527054087
vt 0.11135775287572058 1.3437318527054087
vt 0.11564691715554454 1.4015463267111412
vt 0.11564691715554454 1.4015463267111412
vt 0.11135775287572058 1.3437318527054087
vt 0 1.3437318527054087
vt 0 1.4015463267111412
vt 0 1.3437318527054087
vt 0 1.2888004854383535
vt -0.10432659114490817 1.2888004854383535
vt -0.11135775287572036 1.3437318527054087
vt -0.11135775287572036 1.3437318527054087
vt -0.10432659114490817 1.2888004854383535
vt -0.19844096866244798 1.2888004854383535
vt -0.21181503302488103 1.3437318527054087
vt 0.2915383819394508 1.3437318527054087
vt 0.27313056154778015 1.2888004854383535
vt 0.19844096866244773 1.2888004854383535
vt 0.21181503302488072 1.3437318527054087
vt 0.21181503302488072 1.3437318527054087
vt 0.19844096866244773 1.2888004854383535
vt 0.10432659114490792 1.2888004854383535
vt 0.11135775287572044 1.3437318527054087
vt 0.11135775287572044 1.3437318527054087
vt 0.10432659114490792 1.2888004854383535
vt -8.326672684688674e-17 1.2888004854383535
vt -8.326672684688674e-17 1.3437318527054087
vt -8.326672684688674e-17 1.3437318527054087
vt -8.326672684688674e-17 1.2888004854383535
vt -0.10432659114490803 1.2888004854383535
vt -0.11135775287572061 1.3437318527054087
vt -0.11135775287572061 1.3437318527054087
vt -0.10432659114490803 1.2888004854383535
vt -0.198440968662448 1.2888004854383535
vt -0.21181503302488094 1.3437318527054087
vt -0.21181503302488094 1.3437318527054087
vt -0.198440968662448 1.2888004854383535
vt -0.27313056154778037 1.2888004854383535
vt -0.29153838193945103 1.3437318527054087
vt 0.21181503302488103 1.3437318527054087
vt 0.19844096866244798 1.2888004854383535
vt 0.10432659114490817 1.2888004854383535
vt 0.11135775287572036 1.3437318527054087
vt 0.11135775287572036 1.3437318527054087
vt 0.10432659114490817 1.2888004854383535
vt 0 1.2888004854383535
vt 0 1.3437318527054087
vt 0 1.3437318527054087
vt 0 1.2888004854383535
vt -0.10432659114490805 1.2888004854383535
vt -0.11135775287572058 1.3437318527054087
vt -0.11135775287572058 1.3437318527054087
vt -0.10432659114490805 1.2888004854383535
vt -0.19844096866244787 1.2888004854383535
vt -0.2118150330248808 1.3437318527054087
vt 0.29153838193945103 1.3437318527054087
vt 0.27313056154778037 1.2888004854383535
vt 0.198440968662448 1.2888004854383535
vt 0.21181503302488094 1.3437318527054087
vt 0.21181503302488094 1.3437318527054087
vt 0.198440968662448 1.2888004854383535
vt 0.10432659114490803 1.2888004854383535
vt 0.11135775287572061 1.3437318527054087
vt 0.11135775287572061 1.3437318527054087
vt 0.10432659114490803 1.2888004854383535
vt 8.326672684688674e-17 1.2888004854383535
vt 8.326672684688674e-17 1.3437318527054087
vt 8.326672684688674e-17 1.3437318527054087
vt 8.326672684688674e-17 1.2888004854383535
vt -0.10432659114490792 1.2888004854383535
vt -0.11135775287572044 1.3437318527054087
vt -0.11135775287572044 1.3437318527054087
vt -0.10432659114490792 1.2888004854383535
vt -0.19844096866244773 1.2888004854383535
vt -0.21181503302488072 1.3437318527054087
vt -0.21181503302488072 1.3437318527054087
vt -0.19844096866244773 1.2888004854383535
vt -0.27313056154778015 1.2888004854383535
vt -0.2915383819394508 1.3437318527054087
vt 0.2118150330248808 1.3437318527054087
vt 0.19844096866244787 1.2888004854383535
vt 0.10432659114490805 1.2888004854383535
vt 0.11135775287572058 1.3437318527054087
vt 0.11135775287572058 1.3437318527054087
vt 0.10432659114490805 1.2888004854383535
vt 0 1.2888004854383535
vt 0 1.3437318527054087
vt 0 1.2888004854383535
vt 0 1.2381048174788463
vt -0.09472656250000025 1.2381048174788463
vt -0.10432659114490817 1.2888004854383535
vt -0.10432659114490817 1.2888004854383535
vt -0.09472656250000025 1.2381048174788463
vt -0.18018062906373047 1.2381048174788463
vt -0.19844096866244798 1.2888004854383535
vt 0.27313056154778015 1.2888004854383535
vt 0.24799736026244304 1.2381048174788463
vt 0.18018062906373025 1.2381048174788463
vt 0.19844096866244773 1.2888004854383535
vt 0.19844096866244773 1.2888004854383535
vt 0.18018062906373025 1.2381048174788463
vt 0.09472656249999992 1.2381048174788463
vt 0.10432659114490792 1.2888004854383535
vt 0.10432659114490792 1.2888004854383535
vt 0.09472656249999992 1.2381048174788463
vt -8.326672684688674e-17 1.2381048174788463
vt -8.326672684688674e-17 1.2888004854383535
vt -8.326672684688674e-17 1.2888004854383535
vt -8.326672684688674e-17 1.2381048174788463
vt -0.09472656250000008 1.2381048174788463
vt -0.10432659114490803 1.2888004854383535
vt -0.10432659114490803 1.2888004854383535
vt -0.09472656250000008 1.2381048174788463
vt -0.1801806290637305 1.2381048174788463
vt -0.198440968662448 1.2888004854383535
vt -0.198440968662448 1.2888004854383535
vt -0.1801806290637305 1.2381048174788463
vt -0.24799736026244326 1.2381048174788463
vt -0.27313056154778037 1.2888004854383535
vt 0.19844096866244798 1.2888004854383535
vt 0.18018062906373047 1.2381048174788463
vt 0.09472656250000025 1.2381048174788463
vt 0.10432659114490817 1.2888004854383535
vt 0.10432659114490817 1.2888004854383535
vt 0.09472656250000025 1.2381048174788463
vt 0 1.2381048174788463
vt 0 1.2888004854383535
vt 0 1.2888004854383535
vt 0 1.2381048174788463
vt -0.0947265625 1.2381048174788463
vt -0.10432659114490805 1.2888004854383535
vt -0.10432659114490805 1.2888004854383535
vt -0.0947265625 1.2381048174788463
vt -0.18018062906373036 1.2381048174788463
vt -0.19844096866244787 1.2888004854383535
vt -0.19844096866244787 1.2888004854383535
vt -0.18018062906373036 1.2381048174788463
vt -0.24799736026244312 1.2381048174788463
vt -0.27313056154778026 1.2888004854383535
vt 0.198440968662448 1.2888004854383535
vt 0.1801806290637305 1.2381048174788463
vt 0.09472656250000008 1.2381048174788463
vt 0.10432659114490803 1.2888004854383535
vt 0.10432659114490803 1.2888004854383535
vt 0.09472656250000008 1.2381048174788463
vt 8.326672684688674e-17 1.2381048174788463
vt 8.326672684688674e-17 1.2888004854383535
vt 8.326672684688674e-17 1.2888004854383535
vt 8.326672684688674e-17 1.2381048174788463
vt -0.09472656249999992 1.2381048174788463
vt -0.10432659114490792 1.2888004854383535
vt -0.10432659114490792 1.2888004854383535
vt -0.09472656249999992 1.2381048174788463
vt -0.18018062906373025 1.2381048174788463
vt -0.19844096866244773 1.2888004854383535
vt -0.19844096866244773 1.2888004854383535
vt -0.18018062906373025 1.2381048174788463
vt -0.24799736026244304 1.2381048174788463
vt -0.27313056154778015 1.2888004854383535
vt 0.19844096866244787 1.2888004854383535
vt 0.18018062906373036 1.2381048174788463
vt 0.0947265625 1.2381048174788463
vt 0.10432659114490805 1.2888004854383535
vt 0.10432659114490805 1.2888004854383535
vt 0.0947265625 1.2381048174788463
vt 0 1.2381048174788463
vt 0 1.2888004854383535
vt 0 1.2381048174788463
vt 0 1.1928931444213258
vt -0.08279405150690344 1.1928931444213258
vt -0.09472656250000025 1.2381048174788463
vt -0.09472656250000025 1.2381048174788463
vt -0.08279405150690344 1.1928931444213258
vt -0.1574836443922354 1.1928931444213258
vt -0.18018062906373047 1.2381048174788463
vt 0.24799736026244304 1.1801806290637304
vt 0.21675764091138708 1.1574836443922354
vt 0.15748364439223564 1.2167576409113872
vt 0.18018062906373025 1.2479973602624432
vt 0.18018062906373025 1.2381048174788463
vt 0.15748364439223564 1.1928931444213258
vt 0.0827940515069032 1.1928931444213258
vt 0.09472656249999992 1.2381048174788463
vt 0.09472656249999992 1.2381048174788463
vt 0.0827940515069032 1.1928931444213258
vt -8.326672684688674e-17 1.1928931444213258
vt -8.326672684688674e-17 1.2381048174788463
vt -8.326672684688674e-17 1.2381048174788463
vt -8.326672684688674e-17 1.1928931444213258
vt -0.08279405150690343 1.1928931444213258
vt -0.09472656250000008 1.2381048174788463
vt -0.09472656250000008 1.2381048174788463
vt -0.08279405150690343 1.1928931444213258
vt -0.1574836443922359 1.1928931444213258
vt -0.1801806290637305 1.2381048174788463
vt -0.1801806290637305 1.2479973602624432
vt -0.1574836443922359 1.2167576409113872
vt -0.21675764091138724 1.1574836443922412
vt -0.24799736026244326 1.1801806290637304
vt 0.18018062906373047 1.2381048174788463
vt 0.1574836443922412 1.1928931444213258
vt 0.08279405150690344 1.1928931444213258
vt 0.09472656250000025 1.2381048174788463
vt 0.09472656250000025 1.2381048174788463
vt 0.08279405150690344 1.1928931444213258
vt 0 1.1928931444213258
vt 0 1.2381048174788463
vt 0 1.2381048174788463
vt 0 1.1928931444213258
vt -0.08279405150690335 1.1928931444213258
vt -0.0947265625 1.2381048174788463
vt -0.0947265625 1.2381048174788463
vt -0.08279405150690335 1.1928931444213258
vt -0.15748364439223564 1.1928931444213258
vt -0.18018062906373036 1.2381048174788463
vt -0.24799736026244326 0.8198193709362697
vt -0.21675764091138724 0.8425163556077644
vt -0.15748364439224122 0.7832423590886128
vt -0.1801806290637305 0.7520026397375569
vt 0.1801806290637305 1.2381048174788463
vt 0.15748364439224122 1.1928931444213258
vt 0.08279405150690343 1.1928931444213258
vt 0.09472656250000008 1.2381048174788463
vt 0.09472656250000008 1.2381048174788463
vt 0.08279405150690343 1.1928931444213258
vt 8.326672684688674e-17 1.1928931444213258
vt 8.326672684688674e-17 1.2381048174788463
vt 8.326672684688674e-17 1.2381048174788463
vt 8.326672684688674e-17 1.1928931444213258
vt -0.0827940515069032 1.1928931444213258
vt -0.09472656249999992 1.2381048174788463
vt -0.09472656249999992 1.2381048174788463
vt -0.0827940515069032 1.1928931444213258
vt -0.15748364439223564 1.1928931444213258
vt -0.18018062906373025 1.2381048174788463
vt 0.18018062906373025 0.7520026397375569
vt 0.15748364439223564 0.7832423590886128
vt 0.21675764091138708 0.8425163556077591
vt 0.24799736026244304 0.8198193709362697
vt 0.18018062906373036 1.2381048174788463
vt 0.15748364439224097 1.1928931444213258
vt 0.08279405150690335 1.1928931444213258
vt 0.0947265625 1.2381048174788463
vt 0.0947265625 1.2381048174788463
vt 0.08279405150690335 1.1928931444213258
vt 0 1.1928931444213258
vt 0 1.2381048174788463
vt 0.2679271788089673 1
vt 0.22271550575144636 1
vt 0.21181503302488072 1.0688228761880096
vt 0.25481388929884097 1.0827940515069034
vt 0.25481388929884097 1.0827940515069034
vt 0.21181503302488072 1.0688228761880096
vt 0.18018062906373025 1.130908889737557
vt 0.21675764091138708 1.1574836443922354
vt 0.21675764091138708 1.1574836443922354
vt 0.18018062906373025 1.130908889737557
vt 0.1309088897375569 1.1801806290637304
vt 0.15748364439223564 1.2167576409113872
vt 0.15748364439223564 1.2167576409113872
vt 0.1309088897375569 1.1801806290637304
vt 0.06882287618800967 1.2118150330248811
vt 0.0827940515069032 1.254813889298841
vt 0.0827940515069032 1.254813889298841
vt 0.06882287618800967 1.2118150330248811
vt -8.326672684688674e-17 1.2227155057514465
vt -8.326672684688674e-17 1.2679271788089677
vt -8.326672684688674e-17 1.2679271788089677
vt -8.326672684688674e-17 1.2227155057514465
vt -0.06882287618800989 1.2118150330248811
vt -0.08279405150690343 1.254813889298841
vt -0.08279405150690343 1.254813889298841
vt -0.06882287618800989 1.2118150330248811
vt -0.13090888973755702 1.1801806290637304
vt -0.1574836443922359 1.2167576409113872
vt -0.1574836443922359 1.2167576409113872
vt -0.13090888973755702 1.1801806290637304
vt -0.1801806290637305 1.130908889737557
vt -0.21675764091138724 1.1574836443922412
vt -0.21675764091138724 1.1574836443922412
vt -0.1801806290637305 1.130908889737557
vt -0.21181503302488094 1.0688228761880096
vt -0.2548138892988411 1.0827940515069034
vt -0.2548138892988411 1.0827940515069034
vt -0.21181503302488094 1.0688228761880096
vt -0.22271550575144652 1
vt -0.26792717880896744 1
vt -0.26792717880896744 1
vt -0.22271550575144652 1
vt -0.21181503302488094 0.9311771238119901
vt -0.2548138892988411 0.9172059484930967
vt -0.2548138892988411 0.9172059484930967
vt -0.21181503302488094 0.9311771238119901
vt -0.1801806290637305 0.869091110262443
vt -0.21675764091138724 0.8425163556077644
vt -0.21675764091138724 0.8425163556077644
vt -0.1801806290637305 0.869091110262443
vt -0.13090888973755702 0.8198193709362697
vt -0.15748364439224122 0.7832423590886128
vt -0.15748364439224122 0.7832423590886128
vt -0.13090888973755702 0.8198193709362697
vt -0.06882287618800989 0.7881849669751192
vt -0.08279405150690343 0.745186110701159
vt -0.08279405150690343 0.745186110701159
vt -0.06882287618800989 0.7881849669751192
vt -8.326672684688674e-17 0.7772844942485535
vt -8.326672684688674e-17 0.7320728211910326
vt -8.326672684688674e-17 0.7320728211910326
vt -8.326672684688674e-17 0.7772844942485535
vt 0.06882287618800967 0.7881849669751192
vt 0.0827940515069032 0.745186110701159
vt 0.0827940515069032 0.745186110701159
vt 0.06882287618800967 0.7881849669751192
vt 0.1309088897375569 0.8198193709362697
vt 0.15748364439223564 0.7832423590886128
vt 0.15748364439223564 0.7832423590886128
vt 0.1309088897375569 0.8198193709362697
vt 0.18018062906373025 0.869091110262443
vt 0.21675764091138708 0.8425163556077591
vt 0.21675764091138708 0.8425163556077591
vt 0.18018062906373025 0.869091110262443
vt 0.21181503302488072 0.9311771238119901
vt 0.25481388929884097 0.9172059484930967
vt 0.25481388929884097 0.9172059484930967
vt 0.21181503302488072 0.9311771238119901
vt 0.22271550575144636 1
vt 0.2679271788089673 1
vt 0.22271550575144636 1
vt 0.17201983779193755 1
vt 0.1636005876640594 1.053157053247333
vt 0.21181503302488072 1.0688228761880096
vt 0.21181503302488072 1.0688228761880096
vt 0.1636005876640594 1.053157053247333
vt 0.13916697214330162 1.1011107237558426
vt 0.18018062906373025 1.130908889737557
vt 0.18018062906373025 1.130908889737557
vt 0.13916697214330162 1.1011107237558426
vt 0.10111072375584249 1.1391669721433018
vt 0.1309088897375569 1.1801806290637304
vt 0.1309088897375569 1.1801806290637304
vt 0.10111072375584249 1.1391669721433018
vt 0.053157053247332914 1.1636005876640594
vt 0.06882287618800967 1.2118150330248811
vt 0.06882287618800967 1.2118150330248811
vt 0.053157053247332914 1.1636005876640594
vt -8.326672684688674e-17 1.172019837791938
vt -8.326672684688674e-17 1.2227155057514465
vt -8.326672684688674e-17 1.2227155057514465
vt -8.326672684688674e-17 1.172019837791938
vt -0.053157053247333094 1.1636005876640594
vt -0.06882287618800989 1.2118150330248811
vt -0.06882287618800989 1.2118150330248811
vt -0.053157053247333094 1.1636005876640594
vt -0.10111072375584267 1.1391669721433018
vt -0.13090888973755702 1.1801806290637304
vt -0.13090888973755702 1.1801806290637304
vt -0.10111072375584267 1.1391669721433018
vt -0.1391669721433018 1.1011107237558426
vt -0.1801806290637305 1.130908889737557
vt -0.1801806290637305 1.130908889737557
vt -0.1391669721433018 1.1011107237558426
vt -0.16360058766405963 1.053157053247333
vt -0.21181503302488094 1.0688228761880096
vt -0.21181503302488094 1.0688228761880096
vt -0.16360058766405963 1.053157053247333
vt -0.17201983779193777 1
vt -0.22271550575144652 1
vt -0.22271550575144652 1
vt -0.17201983779193777 1
vt -0.16360058766405963 0.946842946752667
vt -0.21181503302488094 0.9311771238119901
vt -0.21181503302488094 0.9311771238119901
vt -0.16360058766405963 0.946842946752667
vt -0.1391669721433018 0.8988892762441574
vt -0.1801806290637305 0.869091110262443
vt -0.1801806290637305 0.869091110262443
vt -0.1391669721433018 0.8988892762441574
vt -0.10111072375584267 0.8608330278566982
vt -0.13090888973755702 0.8198193709362697
vt -0.13090888973755702 0.8198193709362697
vt -0.10111072375584267 0.8608330278566982
vt -0.053157053247333094 0.8363994123359405
vt -0.06882287618800989 0.7881849669751192
vt -0.06882287618800989 0.7881849669751192
vt -0.053157053247333094 0.8363994123359405
vt -8.326672684688674e-17 0.8279801622080623
vt -8.326672684688674e-17 0.7772844942485535
vt -8.326672684688674e-17 0.7772844942485535
vt -8.326672684688674e-17 0.8279801622080623
vt 0.053157053247332914 0.8363994123359405
vt 0.06882287618800967 0.7881849669751192
vt 0.06882287618800967 0.7881849669751192
vt 0.053157053247332914 0.8363994123359405
vt 0.10111072375584249 0.8608330278566982
vt 0.1309088897375569 0.8198193709362697
vt 0.1309088897375569 0.8198193709362697
vt 0.10111072375584249 0.8608330278566982
vt 0.13916697214330162 0.8988892762441574
vt 0.18018062906373025 0.869091110262443
vt 0.18018062906373025 0.869091110262443
vt 0.13916697214330162 0.8988892762441574
vt 0.1636005876640594 0.946842946752667
vt 0.21181503302488072 0.9311771238119901
vt 0.21181503302488072 0.9311771238119901
vt 0.1636005876640594 0.946842946752667
vt 0.17201983779193755 1
vt 0.22271550575144636 1
vt 0.17201983779193755 1
vt 0.11708847052488072 1
vt 0.11135775287572044 1.0361823272375568
vt 0.1636005876640594 1.053157053247333
vt 0.1636005876640594 1.053157053247333
vt 0.11135775287572044 1.0361823272375568
vt 0.09472656249999992 1.0688228761880096
vt 0.13916697214330162 1.1011107237558426
vt 0.13916697214330162 1.1011107237558426
vt 0.09472656249999992 1.0688228761880096
vt 0.06882287618800967 1.0947265625000002
vt 0.10111072375584249 1.1391669721433018
vt 0.10111072375584249 1.1391669721433018
vt 0.06882287618800967 1.0947265625000002
vt 0.036182327237556905 1.1113577528757204
vt 0.053157053247332914 1.1636005876640594
vt 0.053157053247332914 1.1636005876640594
vt 0.036182327237556905 1.1113577528757204
vt -8.326672684688674e-17 1.1170884705248807
vt -8.326672684688674e-17 1.172019837791938
vt -8.326672684688674e-17 1.172019837791938
vt -8.326672684688674e-17 1.1170884705248807
vt -0.03618232723755707 1.1113577528757204
vt -0.053157053247333094 1.1636005876640594
vt -0.053157053247333094 1.1636005876640594
vt -0.03618232723755707 1.1113577528757204
vt -0.06882287618800989 1.0947265625000002
vt -0.10111072375584267 1.1391669721433018
vt -0.10111072375584267 1.1391669721433018
vt -0.06882287618800989 1.0947265625000002
vt -0.09472656250000008 1.0688228761880096
vt -0.1391669721433018 1.1011107237558426
vt -0.1391669721433018 1.1011107237558426
vt -0.09472656250000008 1.0688228761880096
vt -0.11135775287572061 1.0361823272375568
vt -0.16360058766405963 1.053157053247333
vt -0.16360058766405963 1.053157053247333
vt -0.11135775287572061 1.0361823272375568
vt -0.11708847052488097 1
vt -0.17201983779193777 1
vt -0.17201983779193777 1
vt -0.11708847052488097 1
vt -0.11135775287572061 0.963817672762443
vt -0.16360058766405963 0.946842946752667
vt -0.16360058766405963 0.946842946752667
vt -0.11135775287572061 0.963817672762443
vt -0.09472656250000008 0.9311771238119901
vt -0.1391669721433018 0.8988892762441574
vt -0.1391669721433018 0.8988892762441574
vt -0.09472656250000008 0.9311771238119901
vt -0.06882287618800989 0.9052734375
vt -0.10111072375584267 0.8608330278566982
vt -0.10111072375584267 0.8608330278566982
vt -0.06882287618800989 0.9052734375
vt -0.03618232723755707 0.8886422471242794
vt -0.053157053247333094 0.8363994123359405
vt -0.053157053247333094 0.8363994123359405
vt -0.03618232723755707 0.8886422471242794
vt -8.326672684688674e-17 0.8829115294751192
vt -8.326672684688674e-17 0.8279801622080623
vt -8.326672684688674e-17 0.8279801622080623
vt -8.326672684688674e-17 0.8829115294751192
vt 0.036182327237556905 0.8886422471242794
vt 0.053157053247332914 0.8363994123359405
vt 0.053157053247332914 0.8363994123359405
vt 0.036182327237556905 0.8886422471242794
vt 0.06882287618800967 0.9052734375
vt 0.10111072375584249 0.8608330278566982
vt 0.10111072375584249 0.8608330278566982
vt 0.06882287618800967 0.9052734375
vt 0.09472656249999992 0.9311771238119901
vt 0.13916697214330162 0.8988892762441574
vt 0.13916697214330162 0.8988892762441574
vt 0.09472656249999992 0.9311771238119901
vt 0.11135775287572044 0.963817672762443
vt 0.1636005876640594 0.946842946752667
vt 0.1636005876640594 0.946842946752667
vt 0.11135775287572044 0.963817672762443
vt 0.11708847052488072 1
vt 0.17201983779193755 1
vt 0.11708847052488072 1
vt 0.059273996519151356 1
vt 0.056372920636393015 1.0183166722489392
vt 0.11135775287572044 1.0361823272375568
vt 0.11135775287572044 1.0361823272375568
vt 0.056372920636393015 1.0183166722489392
vt 0.04795367050851482 1.034840380998394
vt 0.09472656249999992 1.0688228761880096
vt 0.09472656249999992 1.0688228761880096
vt 0.04795367050851482 1.034840380998394
vt 0.03484038099839362 1.0479536705085148
vt 0.06882287618800967 1.0947265625000002
vt 0.06882287618800967 1.0947265625000002
vt 0.03484038099839362 1.0479536705085148
vt 0.018316672248939153 1.0563729206363934
vt 0.036182327237556905 1.1113577528757204
vt 0.036182327237556905 1.1113577528757204
vt 0.018316672248939153 1.0563729206363934
vt -8.326672684688674e-17 1.0592739965191513
vt -8.326672684688674e-17 1.1170884705248807
vt -8.326672684688674e-17 1.1170884705248807
vt -8.326672684688674e-17 1.0592739965191513
vt -0.018316672248939375 1.0563729206363934
vt -0.03618232723755707 1.1113577528757204
vt -0.03618232723755707 1.1113577528757204
vt -0.018316672248939375 1.0563729206363934
vt -0.03484038099839379 1.0479536705085148
vt -0.06882287618800989 1.0947265625000002
vt -0.06882287618800989 1.0947265625000002
vt -0.03484038099839379 1.0479536705085148
vt -0.047953670508514984 1.034840380998394
vt -0.09472656250000008 1.0688228761880096
vt -0.09472656250000008 1.0688228761880096
vt -0.047953670508514984 1.034840380998394
vt -0.05637292063639318 1.0183166722489392
vt -0.11135775287572061 1.0361823272375568
vt -0.11135775287572061 1.0361823272375568
vt -0.05637292063639318 1.0183166722489392
vt -0.05927399651915152 1
vt -0.11708847052488097 1
vt -0.11708847052488097 1
vt -0.05927399651915152 1
vt -0.05637292063639318 0.9816833277510607
vt -0.11135775287572061 0.963817672762443
vt -0.11135775287572061 0.963817672762443
vt -0.05637292063639318 0.9816833277510607
vt -0.047953670508514984 0.9651596190016063
vt -0.09472656250000008 0.9311771238119901
vt -0.09472656250000008 0.9311771238119901
vt -0.047953670508514984 0.9651596190016063
vt -0.03484038099839379 0.9520463294914852
vt -0.06882287618800989 0.9052734375
vt -0.06882287618800989 0.9052734375
vt -0.03484038099839379 0.9520463294914852
vt -0.018316672248939375 0.9436270793636069
vt -0.03618232723755707 0.8886422471242794
vt -0.03618232723755707 0.8886422471242794
vt -0.018316672248939375 0.9436270793636069
vt -8.326672684688674e-17 0.9407260034808486
vt -8.326672684688674e-17 0.8829115294751192
vt -8.326672684688674e-17 0.8829115294751192
vt -8.326672684688674e-17 0.9407260034808486
vt 0.018316672248939153 0.9436270793636069
vt 0.036182327237556905 0.8886422471242794
vt 0.036182327237556905 0.8886422471242794
vt 0.018316672248939153 0.9436270793636069
vt 0.03484038099839362 0.9520463294914852
vt 0.06882287618800967 0.9052734375
vt 0.06882287618800967 0.9052734375
vt 0.03484038099839362 0.9520463294914852
vt 0.04795367050851482 0.9651596190016063
vt 0.09472656249999992 0.9311771238119901
vt 0.09472656249999992 0.9311771238119901
vt 0.04795367050851482 0.9651596190016063
vt 0.056372920636393015 0.9816833277510607
vt 0.11135775287572044 0.963817672762443
vt 0.11135775287572044 0.963817672762443
vt 0.056372920636393015 0.9816833277510607
vt 0.059273996519151356 1
vt 0.11708847052488072 1
vt 0.059273996519151356 1
vt 0.056372920636393015 0.9816833277510608
vt -8.326672684688674e-17 1
vt 0.056372920636393015 0.9816833277510608
vt 0.04795367050851482 0.9651596190016061
vt -8.326672684688674e-17 1
vt 0.04795367050851482 0.9651596190016061
vt 0.03484038099839362 0.9520463294914852
vt -8.326672684688674e-17 1
vt 0.03484038099839362 0.9520463294914852
vt 0.018316672248939153 0.9436270793636067
vt -8.326672684688674e-17 1
vt 0.018316672248939153 0.9436270793636067
vt -8.326672684688674e-17 0.9407260034808487
vt -8.326672684688674e-17 1
vt -8.326672684688674e-17 0.9407260034808487
vt -0.018316672248939375 0.9436270793636067
vt -8.326672684688674e-17 1
vt -0.018316672248939375 0.9436270793636067
vt -0.03484038099839379 0.9520463294914852
vt -8.326672684688674e-17 1
vt -0.03484038099839379 0.9520463294914852
vt -0.047953670508514984 0.9651596190016061
vt -8.326672684688674e-17 1
vt -0.047953670508514984 0.9651596190016061
vt -0.05637292063639318 0.9816833277510608
vt -8.326672684688674e-17 1
vt -0.05637292063639318 0.9816833277510608
vt -0.05927399651915152 1
vt -8.326672684688674e-17 1
vt -0.05927399651915152 1
vt -0.05637292063639318 1.0183166722489392
vt -8.326672684688674e-17 1
vt -0.05637292063639318 1.0183166722489392
vt -0.047953670508514984 1.0348403809983937
vt -8.326672684688674e-17 1
vt -0.047953670508514984 1.0348403809983937
vt -0.03484038099839379 1.0479536705085148
vt -8.326672684688674e-17 1
vt -0.03484038099839379 1.0479536705085148
vt -0.018316672248939375 1.056372920636393
vt -8.326672684688674e-17 1
vt -0.018316672248939375 1.056372920636393
vt -8.326672684688674e-17 1.0592739965191513
vt -8.326672684688674e-17 1
vt -8.326672684688674e-17 1.0592739965191513
vt 0.018316672248939153 1.056372920636393
vt -8.326672684688674e-17 1
vt 0.018316672248939153 1.056372920636393
vt 0.03484038099839362 1.0479536705085148
vt -8.326672684688674e-17 1
vt 0.03484038099839362 1.0479536705085148
vt 0.04795367050851482 1.0348403809983937
vt -8.326672684688674e-17 1
vt 0.04795367050851482 1.0348403809983937
vt 0.056372920636393015 1.0183166722489392
vt -8.326672684688674e-17 1
vt 0.056372920636393015 1.0183166722489392
vt 0.059273996519151356 1
vt -8.326672684688674e-17 1
vt 0.059273996519151356 1
vt -8.326672684688674e-17 1
vt 0.056372920636393015 1.0183166722489392
vt 0.056372920636393015 1.0183166722489392
vt -8.326672684688674e-17 1
vt 0.04795367050851482 1.034840380998394
vt 0.04795367050851482 1.034840380998394
vt -8.326672684688674e-17 1
vt 0.03484038099839362 1.0479536705085148
vt 0.03484038099839362 1.0479536705085148
vt -8.326672684688674e-17 1
vt 0.018316672248939153 1.0563729206363934
vt 0.018316672248939153 1.0563729206363934
vt -8.326672684688674e-17 1
vt -8.326672684688674e-17 1.0592739965191513
vt -8.326672684688674e-17 1.0592739965191513
vt -8.326672684688674e-17 1
vt -0.018316672248939375 1.0563729206363934
vt -0.018316672248939375 1.0563729206363934
vt -8.326672684688674e-17 1
vt -0.03484038099839379 1.0479536705085148
vt -0.03484038099839379 1.0479536705085148
vt -8.326672684688674e-17 1
vt -0.047953670508514984 1.034840380998394
vt -0.047953670508514984 1.034840380998394
vt -8.326672684688674e-17 1
vt -0.05637292063639318 1.0183166722489392
vt -0.05637292063639318 1.0183166722489392
vt -8.326672684688674e-17 1
vt -0.05927399651915152 1
vt -0.05927399651915152 1
vt -8.326672684688674e-17 1
vt -0.05637292063639318 0.9816833277510607
vt -0.05637292063639318 0.9816833277510607
vt -8.326672684688674e-17 1
vt -0.047953670508514984 0.9651596190016063
vt -0.047953670508514984 0.9651596190016063
vt -8.326672684688674e-17 1
vt -0.03484038099839379 0.9520463294914852
vt -0.03484038099839379 0.9520463294914852
vt -8.326672684688674e-17 1
vt -0.018316672248939375 0.9436270793636069
vt -0.018316672248939375 0.9436270793636069
vt -8.326672684688674e-17 1
vt -8.326672684688674e-17 0.9407260034808486
vt -8.326672684688674e-17 0.9407260034808486
vt -8.326672684688674e-17 1
vt 0.018316672248939153 0.9436270793636069
vt 0.018316672248939153 0.9436270793636069
vt -8.326672684688674e-17 1
vt 0.03484038099839362 0.9520463294914852
vt 0.03484038099839362 0.9520463294914852
vt -8.326672684688674e-17 1
vt 0.04795367050851482 0.9651596190016063
vt 0.04795367050851482 0.9651596190016063
vt -8.326672684688674e-17 1
vt 0.056372920636393015 0.9816833277510607
vt 0.056372920636393015 0.9816833277510607
vt -8.326672684688674e-17 1
vt 0.059273996519151356 1
# 1560 uvs
vn 0.15586949796742072 0.9842731570692731 7.025630077706069e-17
vn 0.3076341937716712 0.9469465541212645 7.28583859910259e-16
vn 0.2925775046217574 0.9469465541212646 0.09506419392627494
vn 0.14824070173357384 0.9842731570692733 0.04816632377662335
vn 0.24888129081212482 0.9469465541212623 0.18082284219986863
vn 0.12610107276033777 0.9842731570692737 0.09161779218747523
vn 0.18082284219986894 0.9469465541212623 0.24888129081212507
vn 0.09161779218747287 0.9842731570692737 0.1261010727603368
vn 0.09506419392627533 0.9469465541212644 0.2925775046217578
vn 0.04816632377662135 0.9842731570692732 0.14824070173357368
vn 6.938893903907228e-18 0.9469465541212644 0.3076341937716711
vn 1.431146867680866e-17 0.984273157069273 0.15586949796742167
vn -0.09506419392627527 0.9469465541212643 0.292577504621758
vn -0.04816632377662135 0.9842731570692733 0.14824070173357282
vn -0.18082284219986894 0.9469465541212622 0.24888129081212512
vn -0.09161779218747292 0.9842731570692737 0.12610107276033736
vn -0.24888129081212484 0.9469465541212624 0.18082284219986816
vn -0.12610107276033777 0.9842731570692735 0.09161779218747632
vn -0.2925775046217573 0.9469465541212646 0.09506419392627383
vn -0.14824070173357373 0.9842731570692732 0.04816632377662228
vn -0.30763419377167106 0.9469465541212645 8.847089727481716e-17
vn -0.1558694979674206 0.9842731570692732 7.37257477290143e-17
vn -0.29257750462175725 0.9469465541212646 -0.09506419392627397
vn -0.1482407017335735 0.9842731570692732 -0.04816632377662249
vn -0.2488812908121243 0.9469465541212624 -0.18082284219986938
vn -0.12610107276033755 0.9842731570692737 -0.09161779218747547
vn -0.18082284219986922 0.9469465541212619 -0.24888129081212562
vn -0.0916177921874729 0.9842731570692738 -0.1261010727603362
vn -0.0950641939262758 0.9469465541212642 -0.2925775046217578
vn -0.04816632377662192 0.9842731570692733 -0.14824070173357273
vn 2.0816681711721685e-17 0.9469465541212645 -0.3076341937716709
vn 2.1250362580715887e-17 0.9842731570692731 -0.15586949796742108
vn 0.09506419392627584 0.9469465541212646 -0.29257750462175686
vn 0.048166323776621923 0.9842731570692735 -0.148240701733572
vn 0.18082284219986916 0.9469465541212622 -0.24888129081212484
vn 0.0916177921874729 0.9842731570692738 -0.1261010727603367
vn 0.24888129081212423 0.9469465541212623 -0.18082284219986977
vn 0.12610107276033755 0.9842731570692737 -0.09161779218747654
vn 0.29257750462175736 0.9469465541212645 -0.09506419392627506
vn 0.14824070173357357 0.9842731570692732 -0.048166323776623575
vn 0.45135048386242627 0.8859612937383954 1.1657341758564144e-15
vn 0.42925981881033404 0.8859612937383933 0.1394749699328452
vn 0.3651502118640666 0.8859612937383903 0.2652971580294111
vn 0.26529715802941206 0.8859612937383904 0.3651502118640654
vn 0.1394749699328452 0.8859612937383936 0.42925981881033354
vn 1.734723475976807e-17 0.8859612937383956 0.45135048386242554
vn -0.1394749699328452 0.8859612937383935 0.4292598188103339
vn -0.2652971580294119 0.88596129373839 0.36515021186406643
vn -0.36515021186406627 0.88596129373839 0.26529715802941173
vn -0.4292598188103339 0.8859612937383934 0.13947496993284464
vn -0.45135048386242627 0.8859612937383953 -4.163336342344337e-16
vn -0.4292598188103339 0.8859612937383934 -0.1394749699328452
vn -0.365150211864066 0.88596129373839 -0.26529715802941245
vn -0.2652971580294123 0.8859612937383898 -0.36515021186406676
vn -0.1394749699328457 0.8859612937383934 -0.4292598188103339
vn 1.0408340855860843e-17 0.8859612937383954 -0.45135048386242604
vn 0.13947496993284558 0.8859612937383932 -0.4292598188103343
vn 0.2652971580294123 0.8859612937383898 -0.3651502118640669
vn 0.36515021186406615 0.8859612937383898 -0.26529715802941334
vn 0.42925981881033404 0.8859612937383932 -0.13947496993284522
vn 0.5833789047097364 0.8030751126077282 4.961309141293668e-16
vn 0.5548263087933308 0.8030751126077236 0.1802739957151654
vn 0.4719634480700303 0.8030751126077211 0.3429015166869257
vn 0.3429015166869275 0.8030751126077212 0.47196344807002827
vn 0.18027399571516467 0.8030751126077236 0.5548263087933304
vn 1.3877787807814457e-17 0.8030751126077283 0.5833789047097364
vn -0.18027399571516475 0.8030751126077238 0.5548263087933303
vn -0.34290151668692714 0.8030751126077209 0.4719634480700292
vn -0.47196344807003 0.8030751126077207 0.34290151668692664
vn -0.5548263087933312 0.8030751126077234 0.18027399571516478
vn -0.5833789047097369 0.8030751126077279 -4.510281037539698e-16
vn -0.554826308793331 0.8030751126077234 -0.18027399571516517
vn -0.47196344807002955 0.8030751126077208 -0.3429015166869271
vn -0.34290151668692676 0.8030751126077211 -0.4719634480700296
vn -0.1802739957151651 0.803075112607724 -0.5548263087933301
vn -3.469446951953614e-18 0.8030751126077282 -0.5833789047097363
vn 0.18027399571516495 0.8030751126077234 -0.5548263087933308
vn 0.34290151668692137 0.8030751126077246 -0.4719634480700291
vn 0.471963448070023 0.8030751126077267 -0.3429015166869233
vn 0.5548263087933296 0.8030751126077258 -0.18027399571516178
vn 0.7004948462203244 0.700601686914085 -2.2898349882893854e-16
vn 0.6662101881290103 0.7006016869140924 0.2164648119541529
vn 0.5667122350643028 0.7006016869141045 0.4117405399151783
vn 0.4117405399151798 0.700601686914104 0.5667122350643017
vn 0.21646481195415282 0.7006016869140913 0.6662101881290118
vn 2.0816681711721685e-17 0.7006016869140839 0.7004948462203254
vn -0.21646481195415285 0.7006016869140914 0.6662101881290116
vn -0.41174053991517956 0.7006016869141037 0.5667122350643021
vn -0.5667122350643026 0.7006016869141043 0.4117405399151788
vn -0.6662101881290103 0.7006016869140925 0.21646481195415296
vn -0.7004948462203244 0.7006016869140851 -6.938893903907228e-17
vn -0.6662101881290108 0.7006016869140922 -0.2164648119541528
vn -0.5667122350643026 0.7006016869141037 -0.41174053991517934
vn -0.4117405399151793 0.7006016869141037 -0.5667122350643025
vn -0.2164648119541528 0.7006016869140921 -0.6662101881290109
vn -1.734723475976807e-17 0.7006016869140844 -0.7004948462203249
vn 0.21646481195415274 0.7006016869140917 -0.6662101881290112
vn 0.41174053991517373 0.7006016869141026 -0.5667122350643079
vn 0.5667122350642994 0.7006016869141017 -0.4117405399151801
vn 0.666210188129013 0.7006016869140913 -0.21646481195414835
vn 0.7999602404245991 0.5812934458019163 -3.0531133177191805e-16
vn 0.7608073994328541 0.5812934458019164 0.2472013091154709
vn 0.6471814293277713 0.5812934458019123 0.47020483174191463
vn 0.470204831741915 0.5812934458019118 0.6471814293277715
vn 0.24720130911547145 0.5812934458019157 0.7608073994328549
vn -2.7755575615628914e-17 0.5812934458019162 0.7999602404245993
vn -0.24720130911547122 0.5812934458019157 0.760807399432855
vn -0.47020483174191474 0.5812934458019113 0.6471814293277719
vn -0.6471814293277711 0.5812934458019121 0.47020483174191485
vn -0.7608073994328538 0.5812934458019169 0.247201309115471
vn -0.7999602404245987 0.5812934458019171 -1.457167719820518e-16
vn -0.7608073994328542 0.5812934458019167 -0.24720130911547092
vn -0.6471814293277716 0.5812934458019121 -0.47020483174191463
vn -0.4702048317419144 0.5812934458019117 -0.647181429327772
vn -0.2472013091154714 0.581293445801916 -0.7608073994328548
vn -9.020562075079397e-17 0.5812934458019164 -0.7999602404245989
vn 0.2472013091154715 0.5812934458019158 -0.7608073994328548
vn 0.4702048317419145 0.5812934458019071 -0.6471814293277773
vn 0.647181429327775 0.5812934458019042 -0.4702048317419191
vn 0.7608073994328579 0.581293445801913 -0.24720130911546992
vn 0.879557315070934 0.44822469884260324 -4.163336342344337e-17
vn 0.8365087159532856 0.4482246988425926 0.27179815788372724
vn 0.711576815419198 0.44822469884257254 0.5169908183446748
vn 0.5169908183446745 0.44822469884257293 0.7115768154191986
vn 0.2717981578837276 0.4482246988425937 0.8365087159532847
vn -4.85722573273506e-17 0.44822469884260474 0.8795573150709334
vn -0.27179815788372746 0.44822469884259386 0.8365087159532847
vn -0.5169908183446744 0.44822469884257293 0.7115768154191986
vn -0.7115768154191981 0.44822469884257254 0.5169908183446748
vn -0.8365087159532857 0.44822469884259253 0.27179815788372735
vn -0.8795573150709339 0.4482246988426032 -2.7755575615628914e-17
vn -0.8365087159532854 0.4482246988425932 -0.27179815788372746
vn -0.7115768154191984 0.4482246988425727 -0.5169908183446743
vn -0.5169908183446736 0.44822469884257266 -0.7115768154191987
vn -0.27179815788372763 0.4482246988425937 -0.8365087159532854
vn -2.7755575615628914e-17 0.44822469884260463 -0.8795573150709332
vn 0.2717981578837279 0.44822469884259364 -0.8365087159532851
vn 0.5169908183446739 0.448224698842573 -0.7115768154191983
vn 0.7115768154191985 0.4482246988425728 -0.5169908183446741
vn 0.8365087159532856 0.4482246988425929 -0.27179815788372735
vn 0.9375920262279746 0.30468812261418277 6.245004513516506e-17
vn 0.8917030061704865 0.3046881226141849 0.2897318698948935
vn 0.7585278830088662 0.30468812261419004 0.5511027656838299
vn 0.5511027656838299 0.30468812261419015 0.7585278830088669
vn 0.2897318698948941 0.30468812261418443 0.8917030061704859
vn -4.85722573273506e-17 0.30468812261418143 0.9375920262279749
vn -0.2897318698948941 0.3046881226141845 0.891703006170486
vn -0.5511027656838299 0.3046881226141898 0.7585278830088668
vn -0.7585278830088666 0.30468812261418915 0.5511027656838301
vn -0.8917030061704868 0.30468812261418377 0.2897318698948938
vn -0.9375920262279749 0.30468812261418154 8.326672684688674e-17
vn -0.8917030061704864 0.30468812261418404 -0.2897318698948941
vn -0.7585278830088669 0.3046881226141886 -0.5511027656838301
vn -0.5511027656838299 0.3046881226141892 -0.7585278830088669
vn -0.2897318698948939 0.30468812261418526 -0.8917030061704863
vn -2.0816681711721685e-17 0.304688122614183 -0.9375920262279743
vn 0.2897318698948941 0.3046881226141855 -0.8917030061704858
vn 0.55110276568383 0.30468812261419004 -0.7585278830088665
vn 0.7585278830088669 0.30468812261418954 -0.5511027656838299
vn 0.8917030061704863 0.304688122614185 -0.289731869894894
vn 0.9728786416137252 0.1541120690229728 4.163336342344337e-17
vn 0.9252625716711069 0.1541120690229763 0.3006360337230604
vn 0.7870753545299118 0.15411206902298935 0.5718437178108866
vn 0.5718437178108868 0.1541120690229895 0.7870753545299122
vn 0.30063603372306075 0.15411206902297606 0.9252625716711067
vn -6.245004513516506e-17 0.15411206902297186 0.9728786416137257
vn -0.30063603372306075 0.15411206902297617 0.9252625716711068
vn -0.5718437178108869 0.15411206902298932 0.7870753545299122
vn -0.7870753545299118 0.15411206902298927 0.571843717810887
vn -0.9252625716711069 0.154112069022976 0.30063603372306036
vn -0.9728786416137256 0.1541120690229717 7.632783294297951e-17
vn -0.9252625716711068 0.15411206902297606 -0.30063603372306047
vn -0.7870753545299121 0.15411206902298996 -0.5718437178108869
vn -0.5718437178108872 0.15411206902299 -0.7870753545299117
vn -0.3006360337230606 0.15411206902297625 -0.9252625716711067
vn -4.85722573273506e-17 0.15411206902297186 -0.9728786416137256
vn 0.3006360337230606 0.15411206902297617 -0.9252625716711067
vn 0.5718437178108869 0.15411206902299002 -0.7870753545299118
vn 0.7870753545299118 0.15411206902298993 -0.5718437178108868
vn 0.9252625716711067 0.1541120690229767 -0.30063603372306086
vn 0.9847178007117807 3.8163916471489756e-17 1.3877787807814457e-17
vn 0.9365222810787698 4.163336342344337e-17 0.30429453508346804
vn 0.7966534354393509 4.163336342344337e-17 0.5788026009282665
vn 0.5788026009282667 3.8163916471489756e-17 0.7966534354393509
vn 0.3042945350834677 1.3877787807814457e-17 0.9365222810787693
vn 2.0816681711721685e-17 1.734723475976807e-17 0.9847178007117808
vn -0.30429453508346777 5.898059818321144e-17 0.9365222810787693
vn -0.5788026009282667 5.551115123125783e-17 0.7966534354393506
vn -0.7966534354393506 3.122502256758253e-17 0.5788026009282669
vn -0.9365222810787694 3.122502256758253e-17 0.3042945350834675
vn -0.984717800711781 3.122502256758253e-17 5.551115123125783e-17
vn -0.9365222810787694 3.469446951953614e-17 -0.3042945350834676
vn -0.7966534354393506 4.85722573273506e-17 -0.5788026009282667
vn -0.578802600928267 5.898059818321144e-17 -0.7966534354393505
vn -0.30429453508346777 4.85722573273506e-17 -0.9365222810787694
vn 4.85722573273506e-17 2.0816681711721685e-17 -0.9847178007117809
vn 0.3042945350834677 1.734723475976807e-17 -0.9365222810787694
vn 0.5788026009282669 2.42861286636753e-17 -0.7966534354393506
vn 0.7966534354393507 3.122502256758253e-17 -0.5788026009282665
vn 0.9365222810787694 3.8163916471489756e-17 -0.3042945350834681
vn 0.9728786416137252 -0.15411206902297298 6.938893903907228e-17
vn 0.9252625716711067 -0.15411206902297636 0.30063603372306075
vn 0.7870753545299118 -0.1541120690229894 0.5718437178108867
vn 0.5718437178108869 -0.15411206902298963 0.787075354529912
vn 0.3006360337230608 -0.15411206902297628 0.9252625716711067
vn -6.938893903907228e-18 -0.15411206902297217 0.9728786416137257
vn -0.3006360337230607 -0.15411206902297642 0.9252625716711067
vn -0.5718437178108869 -0.15411206902298952 0.7870753545299121
vn -0.7870753545299117 -0.15411206902298946 0.5718437178108873
vn -0.9252625716711068 -0.15411206902297617 0.3006360337230606
vn -0.9728786416137256 -0.15411206902297186 4.85722573273506e-17
vn -0.9252625716711067 -0.15411206902297608 -0.30063603372306086
vn -0.7870753545299118 -0.15411206902298996 -0.5718437178108872
vn -0.5718437178108873 -0.15411206902299024 -0.7870753545299117
vn -0.30063603372306064 -0.1541120690229765 -0.9252625716711067
vn 2.0816681711721685e-17 -0.15411206902297211 -0.9728786416137255
vn 0.30063603372306086 -0.15411206902297653 -0.9252625716711065
vn 0.5718437178108873 -0.15411206902299035 -0.7870753545299114
vn 0.787075354529912 -0.15411206902299013 -0.5718437178108867
vn 0.9252625716711066 -0.15411206902297686 -0.30063603372306097
vn 0.9375920262279749 -0.3046881226141822 9.71445146547012e-17
vn 0.8917030061704868 -0.30468812261418415 0.28973186989489363
vn 0.7585278830088665 -0.3046881226141893 0.5511027656838301
vn 0.55110276568383 -0.3046881226141895 0.7585278830088671
vn 0.2897318698948942 -0.3046881226141839 0.8917030061704863
vn -2.7755575615628914e-17 -0.3046881226141809 0.9375920262279753
vn -0.2897318698948942 -0.3046881226141839 0.8917030061704863
vn -0.5511027656838301 -0.304688122614189 0.7585278830088671
vn -0.7585278830088666 -0.3046881226141882 0.5511027656838304
vn -0.891703006170487 -0.304688122614183 0.28973186989489397
vn -0.9375920262279752 -0.30468812261418093 9.71445146547012e-17
vn -0.8917030061704867 -0.3046881226141833 -0.2897318698948942
vn -0.7585278830088673 -0.3046881226141879 -0.5511027656838303
vn -0.5511027656838301 -0.30468812261418876 -0.758527883008867
vn -0.28973186989489413 -0.30468812261418465 -0.8917030061704865
vn -2.7755575615628914e-17 -0.30468812261418216 -0.9375920262279749
vn 0.2897318698948943 -0.3046881226141849 -0.8917030061704863
vn 0.5511027656838301 -0.30468812261418926 -0.7585278830088669
vn 0.7585278830088671 -0.3046881226141886 -0.5511027656838301
vn 0.8917030061704866 -0.30468812261418426 -0.28973186989489397
vn 0.879557315070934 -0.4482246988426033 -2.7755575615628914e-17
vn 0.8365087159532856 -0.44822469884259264 0.27179815788372697
vn 0.7115768154191979 -0.4482246988425724 0.5169908183446748
vn 0.5169908183446744 -0.44822469884257277 0.7115768154191985
vn 0.2717981578837275 -0.4482246988425936 0.8365087159532847
vn -1.3877787807814457e-17 -0.4482246988426044 0.8795573150709335
vn -0.2717981578837274 -0.44822469884259364 0.8365087159532847
vn -0.5169908183446744 -0.44822469884257277 0.7115768154191984
vn -0.711576815419198 -0.4482246988425722 0.5169908183446748
vn -0.8365087159532856 -0.44822469884259225 0.27179815788372746
vn -0.8795573150709339 -0.448224698842603 2.0816681711721685e-17
vn -0.8365087159532854 -0.448224698842593 -0.27179815788372735
vn -0.7115768154191984 -0.44822469884257254 -0.5169908183446741
vn -0.5169908183446736 -0.44822469884257277 -0.7115768154191985
vn -0.27179815788372763 -0.4482246988425934 -0.8365087159532854
vn -1.3877787807814457e-17 -0.448224698842604 -0.8795573150709333
vn 0.27179815788372774 -0.4482246988425934 -0.8365087159532851
vn 0.5169908183446736 -0.44822469884257266 -0.7115768154191986
vn 0.7115768154191981 -0.44822469884257243 -0.5169908183446744
vn 0.8365087159532854 -0.448224698842593 -0.27179815788372713
vn 0.7999602404245991 -0.5812934458019166 -1.3530843112619095e-16
vn 0.760807399432854 -0.5812934458019166 0.2472013091154712
vn 0.6471814293277712 -0.5812934458019122 0.4702048317419151
vn 0.47020483174191496 -0.5812934458019117 0.6471814293277716
vn 0.2472013091154715 -0.5812934458019159 0.7608073994328547
vn -2.42861286636753e-17 -0.5812934458019163 0.7999602404245992
vn -0.2472013091154714 -0.5812934458019159 0.7608073994328549
vn -0.4702048317419148 -0.5812934458019066 0.647181429327778
vn -0.6471814293277749 -0.5812934458019039 0.47020483174191985
vn -0.7608073994328577 -0.5812934458019137 0.24720130911547006
vn -0.7999602404245987 -0.5812934458019171 -1.1796119636642288e-16
vn -0.7608073994328541 -0.5812934458019167 -0.2472013091154711
vn -0.6471814293277773 -0.5812934458019076 -0.47020483174191463
vn -0.470204831741919 -0.5812934458019041 -0.6471814293277753
vn -0.24720130911547028 -0.5812934458019131 -0.7608073994328584
vn -3.469446951953614e-18 -0.5812934458019166 -0.7999602404245989
vn 0.24720130911547156 -0.5812934458019161 -0.7608073994328547
vn 0.4702048317419145 -0.5812934458019072 -0.6471814293277776
vn 0.6471814293277749 -0.5812934458019043 -0.4702048317419194
vn 0.7608073994328579 -0.5812934458019132 -0.24720130911547006
vn 0.7004948462203263 -0.7006016869140831 -6.245004513516506e-17
vn 0.6662101881290121 -0.7006016869140905 0.21646481195415368
vn 0.566712235064304 -0.7006016869141023 0.4117405399151804
vn 0.4117405399151808 -0.7006016869141017 0.5667122350643037
vn 0.21646481195415354 -0.7006016869140897 0.666210188129013
vn 1.734723475976807e-17 -0.7006016869140824 0.7004948462203269
vn -0.21646481195415362 -0.7006016869140899 0.666210188129013
vn -0.41174053991517456 -0.7006016869141007 0.5667122350643099
vn -0.5667122350643004 -0.7006016869141002 0.4117405399151815
vn -0.6662101881290147 -0.7006016869140899 0.2164648119541484
vn -0.7004948462203264 -0.7006016869140832 -6.591949208711867e-17
vn -0.6662101881290126 -0.7006016869140903 -0.2164648119541533
vn -0.5667122350643098 -0.7006016869141006 -0.41174053991517473
vn -0.41174053991518145 -0.7006016869140999 -0.5667122350643006
vn -0.21646481195414868 -0.7006016869140893 -0.6662101881290152
vn 3.469446951953614e-17 -0.7006016869140828 -0.7004948462203267
vn 0.21646481195415335 -0.7006016869140902 -0.6662101881290128
vn 0.4117405399151748 -0.7006016869141005 -0.5667122350643097
vn 0.5667122350643008 -0.7006016869140997 -0.4117405399151818
vn 0.6662101881290148 -0.7006016869140893 -0.21646481195414896
vn 0.5833789047097367 -0.8030751126077278 8.673617379884035e-17
vn 0.5548263087933311 -0.8030751126077229 0.18027399571516506
vn 0.4719634480700303 -0.80307511260772 0.34290151668692714
vn 0.34290151668692737 -0.80307511260772 0.47196344807002966
vn 0.18027399571516475 -0.803075112607723 0.554826308793331
vn 3.469446951953614e-17 -0.8030751126077278 0.5833789047097366
vn -0.1802739957151648 -0.8030751126077231 0.5548263087933308
vn -0.3429015166869212 -0.8030751126077242 0.4719634480700296
vn -0.4719634480700229 -0.8030751126077262 0.3429015166869234
vn -0.5548263087933301 -0.803075112607725 0.18027399571516112
vn -0.5833789047097372 -0.8030751126077275 -3.469446951953614e-17
vn -0.5548263087933312 -0.8030751126077227 -0.18027399571516492
vn -0.47196344807002977 -0.8030751126077237 -0.3429015166869214
vn -0.3429015166869235 -0.8030751126077261 -0.471963448070023
vn -0.1802739957151615 -0.8030751126077251 -0.5548263087933301
vn 2.7755575615628914e-17 -0.8030751126077276 -0.5833789047097369
vn 0.18027399571516495 -0.8030751126077229 -0.5548263087933312
vn 0.34290151668692137 -0.8030751126077239 -0.4719634480700299
vn 0.47196344807002316 -0.803075112607726 -0.3429015166869238
vn 0.5548263087933298 -0.8030751126077251 -0.18027399571516148
vn 0.4513504838624246 -0.8859612937383964 1.8561541192951836e-16
vn 0.42925981881033237 -0.8859612937383943 0.13947496993284464
vn 0.36515021186406504 -0.8859612937383909 0.26529715802941095
vn 0.2652971580294109 -0.8859612937383912 0.36515021186406477
vn 0.13947496993284458 -0.8859612937383945 0.42925981881033215
vn 1.3877787807814457e-17 -0.8859612937383965 0.4513504838624239
vn -0.13947496993284464 -0.8859612937383945 0.42925981881033215
vn -0.2652971580294109 -0.8859612937383912 0.3651502118640648
vn -0.3651502118640649 -0.8859612937383912 0.26529715802941095
vn -0.4292598188103322 -0.8859612937383944 0.1394749699328447
vn -0.4513504838624245 -0.8859612937383963 -6.938893903907228e-18
vn -0.42925981881033226 -0.8859612937383943 -0.13947496993284486
vn -0.3651502118640646 -0.885961293738391 -0.26529715802941134
vn -0.26529715802941123 -0.8859612937383909 -0.36515021186406504
vn -0.13947496993284503 -0.8859612937383942 -0.42925981881033254
vn 8.673617379884035e-18 -0.8859612937383963 -0.45135048386242455
vn 0.13947496993284497 -0.8859612937383942 -0.4292598188103325
vn 0.26529715802941134 -0.8859612937383909 -0.3651502118640649
vn 0.3651502118640649 -0.8859612937383909 -0.26529715802941134
vn 0.4292598188103325 -0.8859612937383943 -0.13947496993284464
vn 0.3076341937716731 -0.946946554121264 2.983724378680108e-16
vn 0.2925775046217592 -0.9469465541212642 0.09506419392627613
vn 0.24888129081212623 -0.946946554121262 0.18082284219987005
vn 0.18082284219987002 -0.9469465541212619 0.24888129081212632
vn 0.09506419392627596 -0.9469465541212642 0.29257750462175935
vn 1.0408340855860843e-17 -0.9469465541212643 0.30763419377167284
vn -0.09506419392627594 -0.9469465541212643 0.29257750462175924
vn -0.18082284219987008 -0.9469465541212618 0.24888129081212634
vn -0.24888129081212626 -0.9469465541212618 0.18082284219987008
vn -0.29257750462175897 -0.9469465541212642 0.09506419392627623
vn -0.30763419377167284 -0.946946554121264 8.326672684688674e-17
vn -0.29257750462175897 -0.9469465541212642 -0.09506419392627642
vn -0.24888129081212582 -0.9469465541212619 -0.18082284219987044
vn -0.18082284219987033 -0.9469465541212619 -0.248881290812126
vn -0.09506419392627638 -0.9469465541212642 -0.2925775046217589
vn 1.3877787807814457e-17 -0.946946554121264 -0.30763419377167306
vn 0.09506419392627642 -0.9469465541212642 -0.29257750462175885
vn 0.18082284219987033 -0.946946554121262 -0.24888129081212595
vn 0.2488812908121258 -0.9469465541212619 -0.1808228421998705
vn 0.2925775046217591 -0.9469465541212642 -0.09506419392627606
vn 0.15586949796742222 -0.9842731570692724 2.0556473190325164e-16
vn 0.14824070173357523 -0.9842731570692727 0.04816632377662213
vn 0.12610107276033897 -0.9842731570692732 0.09161779218747393
vn 0.09161779218747375 -0.9842731570692731 0.12610107276033924
vn 0.04816632377662185 -0.9842731570692727 0.1482407017335753
vn 1.734723475976807e-17 -0.9842731570692724 0.1558694979674228
vn -0.048166323776621854 -0.9842731570692728 0.14824070173357512
vn -0.09161779218747379 -0.9842731570692732 0.12610107276033913
vn -0.12610107276033897 -0.9842731570692731 0.091617792187474
vn -0.14824070173357515 -0.9842731570692727 0.04816632377662211
vn -0.1558694979674221 -0.9842731570692724 7.24247051220317e-17
vn -0.1482407017335749 -0.9842731570692728 -0.048166323776622326
vn -0.12610107276033877 -0.9842731570692731 -0.09161779218747408
vn -0.0916177921874738 -0.9842731570692731 -0.12610107276033902
vn -0.048166323776622395 -0.9842731570692727 -0.14824070173357495
vn 1.9949319973733282e-17 -0.9842731570692725 -0.15586949796742228
vn 0.04816632377662239 -0.9842731570692729 -0.14824070173357495
vn 0.09161779218747376 -0.9842731570692731 -0.1261010727603392
vn 0.12610107276033874 -0.9842731570692731 -0.09161779218747422
vn 0.14824070173357495 -0.9842731570692727 -0.04816632377662221
vn -2.7755575615628915e-18 0.9968403692278998 1.0998146837692957e-16
vn -3.469446951953614e-18 -0.9968403692279001 -6.591949208711867e-17
# 382 normals
usemtl #ff38404c
f 482/1852/482 481/1851/481 480/1850/480 479/1849/479 
f 484/1856/484 483/1855/483 481/1854/481 482/1853/482 
f 486/1860/486 485/1859/485 483/1858/483 484/1857/484 
f 488/1864/488 487/1863/487 485/1862/485 486/1861/486 
f 490/1868/490 489/1867/489 487/1866/487 488/1865/488 
f 492/1872/492 491/1871/491 489/1870/489 490/1869/490 
f 494/1876/494 493/1875/493 491/1874/491 492/1873/492 
f 496/1880/496 495/1879/495 493/1878/493 494/1877/494 
f 498/1884/498 497/1883/497 495/1882/495 496/1881/496 
f 500/1888/500 499/1887/499 497/1886/497 498/1885/498 
f 502/1892/502 501/1891/501 499/1890/499 500/1889/500 
f 504/1896/504 503/1895/503 501/1894/501 502/1893/502 
f 506/1900/506 505/1899/505 503/1898/503 504/1897/504 
f 508/1904/508 507/1903/507 505/1902/505 506/1901/506 
f 510/1908/510 509/1907/509 507/1906/507 508/1905/508 
f 512/1912/512 511/1911/511 509/1910/509 510/1909/510 
f 514/1916/514 513/1915/513 511/1914/511 512/1913/512 
f 516/1920/516 515/1919/515 513/1918/513 514/1917/514 
f 518/1924/518 517/1923/517 515/1922/515 516/1921/516 
f 479/1928/479 480/1927/480 517/1926/517 518/1925/518 
f 481/1932/481 520/1931/520 519/1930/519 480/1929/480 
f 483/1936/483 521/1935/521 520/1934/520 481/1933/481 
f 485/1940/485 522/1939/522 521/1938/521 483/1937/483 
f 487/1944/487 523/1943/523 522/1942/522 485/1941/485 
f 489/1948/489 524/1947/524 523/1946/523 487/1945/487 
f 491/1952/491 525/1951/525 524/1950/524 489/1949/489 
f 493/1956/493 526/1955/526 525/1954/525 491/1953/491 
f 495/1960/495 527/1959/527 526/1958/526 493/1957/493 
f 497/1964/497 528/1963/528 527/1962/527 495/1961/495 
f 499/1968/499 529/1967/529 528/1966/528 497/1965/497 
f 501/1972/501 530/1971/530 529/1970/529 499/1969/499 
f 503/1976/503 531/1975/531 530/1974/530 501/1973/501 
f 505/1980/505 532/1979/532 531/1978/531 503/1977/503 
f 507/1984/507 533/1983/533 532/1982/532 505/1981/505 
f 509/1988/509 534/1987/534 533/1986/533 507/1985/507 
f 511/1992/511 535/1991/535 534/1990/534 509/1989/509 
f 513/1996/513 536/1995/536 535/1994/535 511/1993/511 
f 515/2000/515 537/1999/537 536/1998/536 513/1997/513 
f 517/2004/517 538/2003/538 537/2002/537 515/2001/515 
f 480/2008/480 519/2007/519 538/2006/538 517/2005/517 
f 520/2012/520 540/2011/540 539/2010/539 519/2009/519 
f 521/2016/521 541/2015/541 540/2014/540 520/2013/520 
f 522/2020/522 542/2019/542 541/2018/541 521/2017/521 
f 523/2024/523 543/2023/543 542/2022/542 522/2021/522 
f 524/2028/524 544/2027/544 543/2026/543 523/2025/523 
f 525/2032/525 545/2031/545 544/2030/544 524/2029/524 
f 526/2036/526 546/2035/546 545/2034/545 525/2033/525 
f 527/2040/527 547/2039/547 546/2038/546 526/2037/526 
f 528/2044/528 548/2043/548 547/2042/547 527/2041/527 
f 529/2048/529 549/2047/549 548/2046/548 528/2045/528 
f 530/2052/530 550/2051/550 549/2050/549 529/2049/529 
f 531/2056/531 551/2055/551 550/2054/550 530/2053/530 
f 532/2060/532 552/2059/552 551/2058/551 531/2057/531 
f 533/2064/533 553/2063/553 552/2062/552 532/2061/532 
f 534/2068/534 554/2067/554 553/2066/553 533/2065/533 
f 535/2072/535 555/2071/555 554/2070/554 534/2069/534 
f 536/2076/536 556/2075/556 555/2074/555 535/2073/535 
f 537/2080/537 557/2079/557 556/2078/556 536/2077/536 
f 538/2084/538 558/2083/558 557/2082/557 537/2081/537 
f 519/2088/519 539/2087/539 558/2086/558 538/2085/538 
f 540/2092/540 560/2091/560 559/2090/559 539/2089/539 
f 541/2096/541 561/2095/561 560/2094/560 540/2093/540 
f 542/2100/542 562/2099/562 561/2098/561 541/2097/541 
f 543/2104/543 563/2103/563 562/2102/562 542/2101/542 
f 544/2108/544 564/2107/564 563/2106/563 543/2105/543 
f 545/2112/545 565/2111/565 564/2110/564 544/2109/544 
f 546/2116/546 566/2115/566 565/2114/565 545/2113/545 
f 547/2120/547 567/2119/567 566/2118/566 546/2117/546 
f 548/2124/548 568/2123/568 567/2122/567 547/2121/547 
f 549/2128/549 569/2127/569 568/2126/568 548/2125/548 
f 550/2132/550 570/2131/570 569/2130/569 549/2129/549 
f 551/2136/551 571/2135/571 570/2134/570 550/2133/550 
f 552/2140/552 572/2139/572 571/2138/571 551/2137/551 
f 553/2144/553 573/2143/573 572/2142/572 552/2141/552 
f 554/2148/554 574/2147/574 573/2146/573 553/2145/553 
f 555/2152/555 575/2151/575 574/2150/574 554/2149/554 
f 556/2156/556 576/2155/576 575/2154/575 555/2153/555 
f 557/2160/557 577/2159/577 576/2158/576 556/2157/556 
f 558/2164/558 578/2163/578 577/2162/577 557/2161/557 
f 539/2168/539 559/2167/559 578/2166/578 558/2165/558 
f 560/2172/560 580/2171/580 579/2170/579 559/2169/559 
f 561/2176/561 581/2175/581 580/2174/580 560/2173/560 
f 562/2180/562 582/2179/582 581/2178/581 561/2177/561 
f 563/2184/563 583/2183/583 582/2182/582 562/2181/562 
f 564/2188/564 584/2187/584 583/2186/583 563/2185/563 
f 565/2192/565 585/2191/585 584/2190/584 564/2189/564 
f 566/2196/566 586/2195/586 585/2194/585 565/2193/565 
f 567/2200/567 587/2199/587 586/2198/586 566/2197/566 
f 568/2204/568 588/2203/588 587/2202/587 567/2201/567 
f 569/2208/569 589/2207/589 588/2206/588 568/2205/568 
f 570/2212/570 590/2211/590 589/2210/589 569/2209/569 
f 571/2216/571 591/2215/591 590/2214/590 570/2213/570 
f 572/2220/572 592/2219/592 591/2218/591 571/2217/571 
f 573/2224/573 593/2223/593 592/2222/592 572/2221/572 
f 574/2228/574 594/2227/594 593/2226/593 573/2225/573 
f 575/2232/575 595/2231/595 594/2230/594 574/2229/574 
f 576/2236/576 596/2235/596 595/2234/595 575/2233/575 
f 577/2240/577 597/2239/597 596/2238/596 576/2237/576 
f 578/2244/578 598/2243/598 597/2242/597 577/2241/577 
f 559/2248/559 579/2247/579 598/2246/598 578/2245/578 
f 580/2252/580 600/2251/600 599/2250/599 579/2249/579 
f 581/2256/581 601/2255/601 600/2254/600 580/2253/580 
f 582/2260/582 602/2259/602 601/2258/601 581/2257/581 
f 583/2264/583 603/2263/603 602/2262/602 582/2261/582 
f 584/2268/584 604/2267/604 603/2266/603 583/2265/583 
f 585/2272/585 605/2271/605 604/2270/604 584/2269/584 
f 586/2276/586 606/2275/606 605/2274/605 585/2273/585 
f 587/2280/587 607/2279/607 606/2278/606 586/2277/586 
f 588/2284/588 608/2283/608 607/2282/607 587/2281/587 
f 589/2288/589 609/2287/609 608/2286/608 588/2285/588 
f 590/2292/590 610/2291/610 609/2290/609 589/2289/589 
f 591/2296/591 611/2295/611 610/2294/610 590/2293/590 
f 592/2300/592 612/2299/612 611/2298/611 591/2297/591 
f 593/2304/593 613/2303/613 612/2302/612 592/2301/592 
f 594/2308/594 614/2307/614 613/2306/613 593/2305/593 
f 595/2312/595 615/2311/615 614/2310/614 594/2309/594 
f 596/2316/596 616/2315/616 615/2314/615 595/2313/595 
f 597/2320/597 617/2319/617 616/2318/616 596/2317/596 
f 598/2324/598 618/2323/618 617/2322/617 597/2321/597 
f 579/2328/579 599/2327/599 618/2326/618 598/2325/598 
f 600/2332/600 620/2331/620 619/2330/619 599/2329/599 
f 601/2336/601 621/2335/621 620/2334/620 600/2333/600 
f 602/2340/602 622/2339/622 621/2338/621 601/2337/601 
f 603/2344/603 623/2343/623 622/2342/622 602/2341/602 
f 604/2348/604 624/2347/624 623/2346/623 603/2345/603 
f 605/2352/605 625/2351/625 624/2350/624 604/2349/604 
f 606/2356/606 626/2355/626 625/2354/625 605/2353/605 
f 607/2360/607 627/2359/627 626/2358/626 606/2357/606 
f 608/2364/608 628/2363/628 627/2362/627 607/2361/607 
f 609/2368/609 629/2367/629 628/2366/628 608/2365/608 
f 610/2372/610 630/2371/630 629/2370/629 609/2369/609 
f 611/2376/611 631/2375/631 630/2374/630 610/2373/610 
f 612/2380/612 632/2379/632 631/2378/631 611/2377/611 
f 613/2384/613 633/2383/633 632/2382/632 612/2381/612 
f 614/2388/614 634/2387/634 633/2386/633 613/2385/613 
f 615/2392/615 635/2391/635 634/2390/634 614/2389/614 
f 616/2396/616 636/2395/636 635/2394/635 615/2393/615 
f 617/2400/617 637/2399/637 636/2398/636 616/2397/616 
f 618/2404/618 638/2403/638 637/2402/637 617/2401/617 
f 599/2408/599 619/2407/619 638/2406/638 618/2405/618 
f 620/2412/620 640/2411/640 639/2410/639 619/2409/619 
f 621/2416/621 641/2415/641 640/2414/640 620/2413/620 
f 622/2420/622 642/2419/642 641/2418/641 621/2417/621 
f 623/2424/623 643/2423/643 642/2422/642 622/2421/622 
f 624/2428/624 644/2427/644 643/2426/643 623/2425/623 
f 625/2432/625 645/2431/645 644/2430/644 624/2429/624 
f 626/2436/626 646/2435/646 645/2434/645 625/2433/625 
f 627/2440/627 647/2439/647 646/2438/646 626/2437/626 
f 628/2444/628 648/2443/648 647/2442/647 627/2441/627 
f 629/2448/629 649/2447/649 648/2446/648 628/2445/628 
f 630/2452/630 650/2451/650 649/2450/649 629/2449/629 
f 631/2456/631 651/2455/651 650/2454/650 630/2453/630 
f 632/2460/632 652/2459/652 651/2458/651 631/2457/631 
f 633/2464/633 653/2463/653 652/2462/652 632/2461/632 
f 634/2468/634 654/2467/654 653/2466/653 633/2465/633 
f 635/2472/635 655/2471/655 654/2470/654 634/2469/634 
f 636/2476/636 656/2475/656 655/2474/655 635/2473/635 
f 637/2480/637 657/2479/657 656/2478/656 636/2477/636 
f 638/2484/638 658/2483/658 657/2482/657 637/2481/637 
f 619/2488/619 639/2487/639 658/2486/658 638/2485/638 
f 640/2492/640 660/2491/660 659/2490/659 639/2489/639 
f 641/2496/641 661/2495/661 660/2494/660 640/2493/640 
f 642/2500/642 662/2499/662 661/2498/661 641/2497/641 
f 643/2504/643 663/2503/663 662/2502/662 642/2501/642 
f 644/2508/644 664/2507/664 663/2506/663 643/2505/643 
f 645/2512/645 665/2511/665 664/2510/664 644/2509/644 
f 646/2516/646 666/2515/666 665/2514/665 645/2513/645 
f 647/2520/647 667/2519/667 666/2518/666 646/2517/646 
f 648/2524/648 668/2523/668 667/2522/667 647/2521/647 
f 649/2528/649 669/2527/669 668/2526/668 648/2525/648 
f 650/2532/650 670/2531/670 669/2530/669 649/2529/649 
f 651/2536/651 671/2535/671 670/2534/670 650/2533/650 
f 652/2540/652 672/2539/672 671/2538/671 651/2537/651 
f 653/2544/653 673/2543/673 672/2542/672 652/2541/652 
f 654/2548/654 674/2547/674 673/2546/673 653/2545/653 
f 655/2552/655 675/2551/675 674/2550/674 654/2549/654 
f 656/2556/656 676/2555/676 675/2554/675 655/2553/655 
f 657/2560/657 677/2559/677 676/2558/676 656/2557/656 
f 658/2564/658 678/2563/678 677/2562/677 657/2561/657 
f 639/2568/639 659/2567/659 678/2566/678 658/2565/658 
f 660/2572/660 680/2571/680 679/2570/679 659/2569/659 
f 661/2576/661 681/2575/681 680/2574/680 660/2573/660 
f 662/2580/662 682/2579/682 681/2578/681 661/2577/661 
f 663/2584/663 683/2583/683 682/2582/682 662/2581/662 
f 664/2588/664 684/2587/684 683/2586/683 663/2585/663 
f 665/2592/665 685/2591/685 684/2590/684 664/2589/664 
f 666/2596/666 686/2595/686 685/2594/685 665/2593/665 
f 667/2600/667 687/2599/687 686/2598/686 666/2597/666 
f 668/2604/668 688/2603/688 687/2602/687 667/2601/667 
f 669/2608/669 689/2607/689 688/2606/688 668/2605/668 
f 670/2612/670 690/2611/690 689/2610/689 669/2609/669 
f 671/2616/671 691/2615/691 690/2614/690 670/2613/670 
f 672/2620/672 692/2619/692 691/2618/691 671/2617/671 
f 673/2624/673 693/2623/693 692/2622/692 672/2621/672 
f 674/2628/674 694/2627/694 693/2626/693 673/2625/673 
f 675/2632/675 695/2631/695 694/2630/694 674/2629/674 
f 676/2636/676 696/2635/696 695/2634/695 675/2633/675 
f 677/2640/677 697/2639/697 696/2638/696 676/2637/676 
f 678/2644/678 698/2643/698 697/2642/697 677/2641/677 
f 659/2648/659 679/2647/679 698/2646/698 678/2645/678 
f 680/2652/680 700/2651/700 699/2650/699 679/2649/679 
f 681/2656/681 701/2655/701 700/2654/700 680/2653/680 
f 682/2660/682 702/2659/702 701/2658/701 681/2657/681 
f 683/2664/683 703/2663/703 702/2662/702 682/2661/682 
f 684/2668/684 704/2667/704 703/2666/703 683/2665/683 
f 685/2672/685 705/2671/705 704/2670/704 684/2669/684 
f 686/2676/686 706/2675/706 705/2674/705 685/2673/685 
f 687/2680/687 707/2679/707 706/2678/706 686/2677/686 
f 688/2684/688 708/2683/708 707/2682/707 687/2681/687 
f 689/2688/689 709/2687/709 708/2686/708 688/2685/688 
f 690/2692/690 710/2691/710 709/2690/709 689/2689/689 
f 691/2696/691 711/2695/711 710/2694/710 690/2693/690 
f 692/2700/692 712/2699/712 711/2698/711 691/2697/691 
f 693/2704/693 713/2703/713 712/2702/712 692/2701/692 
f 694/2708/694 714/2707/714 713/2706/713 693/2705/693 
f 695/2712/695 715/2711/715 714/2710/714 694/2709/694 
f 696/2716/696 716/2715/716 715/2714/715 695/2713/695 
f 697/2720/697 717/2719/717 716/2718/716 696/2717/696 
f 698/2724/698 718/2723/718 717/2722/717 697/2721/697 
f 679/2728/679 699/2727/699 718/2726/718 698/2725/698 
f 700/2732/700 720/2731/720 719/2730/719 699/2729/699 
f 701/2736/701 721/2735/721 720/2734/720 700/2733/700 
f 702/2740/702 722/2739/722 721/2738/721 701/2737/701 
f 703/2744/703 723/2743/723 722/2742/722 702/2741/702 
f 704/2748/704 724/2747/724 723/2746/723 703/2745/703 
f 705/2752/705 725/2751/725 724/2750/724 704/2749/704 
f 706/2756/706 726/2755/726 725/2754/725 705/2753/705 
f 707/2760/707 727/2759/727 726/2758/726 706/2757/706 
f 708/2764/708 728/2763/728 727/2762/727 707/2761/707 
f 709/2768/709 729/2767/729 728/2766/728 708/2765/708 
f 710/2772/710 730/2771/730 729/2770/729 709/2769/709 
f 711/2776/711 731/2775/731 730/2774/730 710/2773/710 
f 712/2780/712 732/2779/732 731/2778/731 711/2777/711 
f 713/2784/713 733/2783/733 732/2782/732 712/2781/712 
f 714/2788/714 734/2787/734 733/2786/733 713/2785/713 
f 715/2792/715 735/2791/735 734/2790/734 714/2789/714 
f 716/2796/716 736/2795/736 735/2794/735 715/2793/715 
f 717/2800/717 737/2799/737 736/2798/736 716/2797/716 
f 718/2804/718 738/2803/738 737/2802/737 717/2801/717 
f 699/2808/699 719/2807/719 738/2806/738 718/2805/718 
f 720/2812/720 740/2811/740 739/2810/739 719/2809/719 
f 721/2816/721 741/2815/741 740/2814/740 720/2813/720 
f 722/2820/722 742/2819/742 741/2818/741 721/2817/721 
f 723/2824/723 743/2823/743 742/2822/742 722/2821/722 
f 724/2828/724 744/2827/744 743/2826/743 723/2825/723 
f 725/2832/725 745/2831/745 744/2830/744 724/2829/724 
f 726/2836/726 746/2835/746 745/2834/745 725/2833/725 
f 727/2840/727 747/2839/747 746/2838/746 726/2837/726 
f 728/2844/728 748/2843/748 747/2842/747 727/2841/727 
f 729/2848/729 749/2847/749 748/2846/748 728/2845/728 
f 730/2852/730 750/2851/750 749/2850/749 729/2849/729 
f 731/2856/731 751/2855/751 750/2854/750 730/2853/730 
f 732/2860/732 752/2859/752 751/2858/751 731/2857/731 
f 733/2864/733 753/2863/753 752/2862/752 732/2861/732 
f 734/2868/734 754/2867/754 753/2866/753 733/2865/733 
f 735/2872/735 755/2871/755 754/2870/754 734/2869/734 
f 736/2876/736 756/2875/756 755/2874/755 735/2873/735 
f 737/2880/737 757/2879/757 756/2878/756 736/2877/736 
f 738/2884/738 758/2883/758 757/2882/757 737/2881/737 
f 719/2888/719 739/2887/739 758/2886/758 738/2885/738 
f 740/2892/740 760/2891/760 759/2890/759 739/2889/739 
f 741/2896/741 761/2895/761 760/2894/760 740/2893/740 
f 742/2900/742 762/2899/762 761/2898/761 741/2897/741 
f 743/2904/743 763/2903/763 762/2902/762 742/2901/742 
f 744/2908/744 764/2907/764 763/2906/763 743/2905/743 
f 745/2912/745 765/2911/765 764/2910/764 744/2909/744 
f 746/2916/746 766/2915/766 765/2914/765 745/2913/745 
f 747/2920/747 767/2919/767 766/2918/766 746/2917/746 
f 748/2924/748 768/2923/768 767/2922/767 747/2921/747 
f 749/2928/749 769/2927/769 768/2926/768 748/2925/748 
f 750/2932/750 770/2931/770 769/2930/769 749/2929/749 
f 751/2936/751 771/2935/771 770/2934/770 750/2933/750 
f 752/2940/752 772/2939/772 771/2938/771 751/2937/751 
f 753/2944/753 773/2943/773 772/2942/772 752/2941/752 
f 754/2948/754 774/2947/774 773/2946/773 753/2945/753 
f 755/2952/755 775/2951/775 774/2950/774 754/2949/754 
f 756/2956/756 776/2955/776 775/2954/775 755/2953/755 
f 757/2960/757 777/2959/777 776/2958/776 756/2957/756 
f 758/2964/758 778/2963/778 777/2962/777 757/2961/757 
f 739/2968/739 759/2967/759 778/2966/778 758/2965/758 
f 760/2972/760 780/2971/780 779/2970/779 759/2969/759 
f 761/2976/761 781/2975/781 780/2974/780 760/2973/760 
f 762/2980/762 782/2979/782 781/2978/781 761/2977/761 
f 763/2984/763 783/2983/783 782/2982/782 762/2981/762 
f 764/2988/764 784/2987/784 783/2986/783 763/2985/763 
f 765/2992/765 785/2991/785 784/2990/784 764/2989/764 
f 766/2996/766 786/2995/786 785/2994/785 765/2993/765 
f 767/3000/767 787/2999/787 786/2998/786 766/2997/766 
f 768/3004/768 788/3003/788 787/3002/787 767/3001/767 
f 769/3008/769 789/3007/789 788/3006/788 768/3005/768 
f 770/3012/770 790/3011/790 789/3010/789 769/3009/769 
f 771/3016/771 791/3015/791 790/3014/790 770/3013/770 
f 772/3020/772 792/3019/792 791/3018/791 771/3017/771 
f 773/3024/773 793/3023/793 792/3022/792 772/3021/772 
f 774/3028/774 794/3027/794 793/3026/793 773/3025/773 
f 775/3032/775 795/3031/795 794/3030/794 774/3029/774 
f 776/3036/776 796/3035/796 795/3034/795 775/3033/775 
f 777/3040/777 797/3039/797 796/3038/796 776/3037/776 
f 778/3044/778 798/3043/798 797/3042/797 777/3041/777 
f 759/3048/759 779/3047/779 798/3046/798 778/3045/778 
f 780/3052/780 800/3051/800 799/3050/799 779/3049/779 
f 781/3056/781 801/3055/801 800/3054/800 780/3053/780 
f 782/3060/782 802/3059/802 801/3058/801 781/3057/781 
f 783/3064/783 803/3063/803 802/3062/802 782/3061/782 
f 784/3068/784 804/3067/804 803/3066/803 783/3065/783 
f 785/3072/785 805/3071/805 804/3070/804 784/3069/784 
f 786/3076/786 806/3075/806 805/3074/805 785/3073/785 
f 787/3080/787 807/3079/807 806/3078/806 786/3077/786 
f 788/3084/788 808/3083/808 807/3082/807 787/3081/787 
f 789/3088/789 809/3087/809 808/3086/808 788/3085/788 
f 790/3092/790 810/3091/810 809/3090/809 789/3089/789 
f 791/3096/791 811/3095/811 810/3094/810 790/3093/790 
f 792/3100/792 812/3099/812 811/3098/811 791/3097/791 
f 793/3104/793 813/3103/813 812/3102/812 792/3101/792 
f 794/3108/794 814/3107/814 813/3106/813 793/3105/793 
f 795/3112/795 815/3111/815 814/3110/814 794/3109/794 
f 796/3116/796 816/3115/816 815/3114/815 795/3113/795 
f 797/3120/797 817/3119/817 816/3118/816 796/3117/796 
f 798/3124/798 818/3123/818 817/3122/817 797/3121/797 
f 779/3128/779 799/3127/799 818/3126/818 798/3125/798 
f 800/3132/800 820/3131/820 819/3130/819 799/3129/799 
f 801/3136/801 821/3135/821 820/3134/820 800/3133/800 
f 802/3140/802 822/3139/822 821/3138/821 801/3137/801 
f 803/3144/803 823/3143/823 822/3142/822 802/3141/802 
f 804/3148/804 824/3147/824 823/3146/823 803/3145/803 
f 805/3152/805 825/3151/825 824/3150/824 804/3149/804 
f 806/3156/806 826/3155/826 825/3154/825 805/3153/805 
f 807/3160/807 827/3159/827 826/3158/826 806/3157/806 
f 808/3164/808 828/3163/828 827/3162/827 807/3161/807 
f 809/3168/809 829/3167/829 828/3166/828 808/3165/808 
f 810/3172/810 830/3171/830 829/3170/829 809/3169/809 
f 811/3176/811 831/3175/831 830/3174/830 810/3173/810 
f 812/3180/812 832/3179/832 831/3178/831 811/3177/811 
f 813/3184/813 833/3183/833 832/3182/832 812/3181/812 
f 814/3188/814 834/3187/834 833/3186/833 813/3185/813 
f 815/3192/815 835/3191/835 834/3190/834 814/3189/814 
f 816/3196/816 836/3195/836 835/3194/835 815/3193/815 
f 817/3200/817 837/3199/837 836/3198/836 816/3197/816 
f 818/3204/818 838/3203/838 837/3202/837 817/3201/817 
f 799/3208/799 819/3207/819 838/3206/838 818/3205/818 
f 820/3212/820 840/3211/840 839/3210/839 819/3209/819 
f 821/3216/821 841/3215/841 840/3214/840 820/3213/820 
f 822/3220/822 842/3219/842 841/3218/841 821/3217/821 
f 823/3224/823 843/3223/843 842/3222/842 822/3221/822 
f 824/3228/824 844/3227/844 843/3226/843 823/3225/823 
f 825/3232/825 845/3231/845 844/3230/844 824/3229/824 
f 826/3236/826 846/3235/846 845/3234/845 825/3233/825 
f 827/3240/827 847/3239/847 846/3238/846 826/3237/826 
f 828/3244/828 848/3243/848 847/3242/847 827/3241/827 
f 829/3248/829 849/3247/849 848/3246/848 828/3245/828 
f 830/3252/830 850/3251/850 849/3250/849 829/3249/829 
f 831/3256/831 851/3255/851 850/3254/850 830/3253/830 
f 832/3260/832 852/3259/852 851/3258/851 831/3257/831 
f 833/3264/833 853/3263/853 852/3262/852 832/3261/832 
f 834/3268/834 854/3267/854 853/3266/853 833/3265/833 
f 835/3272/835 855/3271/855 854/3270/854 834/3269/834 
f 836/3276/836 856/3275/856 855/3274/855 835/3273/835 
f 837/3280/837 857/3279/857 856/3278/856 836/3277/836 
f 838/3284/838 858/3283/858 857/3282/857 837/3281/837 
f 819/3288/819 839/3287/839 858/3286/858 838/3285/838 
f 859/3291/859 482/3290/482 479/3289/479 
f 859/3294/859 484/3293/484 482/3292/482 
f 859/3297/859 486/3296/486 484/3295/484 
f 859/3300/859 488/3299/488 486/3298/486 
f 859/3303/859 490/3302/490 488/3301/488 
f 859/3306/859 492/3305/492 490/3304/490 
f 859/3309/859 494/3308/494 492/3307/492 
f 859/3312/859 496/3311/496 494/3310/494 
f 859/3315/859 498/3314/498 496/3313/496 
f 859/3318/859 500/3317/500 498/3316/498 
f 859/3321/859 502/3320/502 500/3319/500 
f 859/3324/859 504/3323/504 502/3322/502 
f 859/3327/859 506/3326/506 504/3325/504 
f 859/3330/859 508/3329/508 506/3328/506 
f 859/3333/859 510/3332/510 508/3331/508 
f 859/3336/859 512/3335/512 510/3334/510 
f 859/3339/859 514/3338/514 512/3337/512 
f 859/3342/859 516/3341/516 514/3340/514 
f 859/3345/859 518/3344/518 516/3343/516 
f 859/3348/859 479/3347/479 518/3346/518 
f 840/3351/840 860/3350/860 839/3349/839 
f 841/3354/841 860/3353/860 840/3352/840 
f 842/3357/842 860/3356/860 841/3355/841 
f 843/3360/843 860/3359/860 842/3358/842 
f 844/3363/844 860/3362/860 843/3361/843 
f 845/3366/845 860/3365/860 844/3364/844 
f 846/3369/846 860/3368/860 845/3367/845 
f 847/3372/847 860/3371/860 846/3370/846 
f 848/3375/848 860/3374/860 847/3373/847 
f 849/3378/849 860/3377/860 848/3376/848 
f 850/3381/850 860/3380/860 849/3379/849 
f 851/3384/851 860/3383/860 850/3382/850 
f 852/3387/852 860/3386/860 851/3385/851 
f 853/3390/853 860/3389/860 852/3388/852 
f 854/3393/854 860/3392/860 853/3391/853 
f 855/3396/855 860/3395/860 854/3394/854 
f 856/3399/856 860/3398/860 855/3397/855 
f 857/3402/857 860/3401/860 856/3400/856 
f 858/3405/858 860/3404/860 857/3403/857 
f 839/3408/839 860/3407/860 858/3406/858 
# 400 polygons